flickr_id,height,width,framerate,mos
Animation_1080P-05f8,1080,1920,30,3.901
Animation_1080P-0c4f,1080,1920,30,3.94
Animation_1080P-18f5,1080,1920,30,4.158
Animation_1080P-209f,1080,1920,30,4.189
Animation_1080P-21dd,1080,1920,30,3.791
Animation_1080P-2fbe,1080,1920,30,3.346
Animation_1080P-2fff,1080,1920,30,4.369
Animation_1080P-3d67,1080,1920,30,2.778
Animation_1080P-3dbf,1080,1920,30,4.444
Animation_1080P-3e01,1080,1920,30,4.045
Animation_1080P-4214,1080,1920,30,3.51
Animation_1080P-4be3,1080,1920,30,3.565
Animation_1080P-4ea8,1080,1920,30,4.121
Animation_1080P-5083,1080,1920,30,3.252
Animation_1080P-58d3,1080,1920,30,4.243
Animation_1080P-5dd8,1080,1920,30,3.958
Animation_1080P-646f,1080,1920,30,3.376
Animation_2160P-41dc,2160,3840,30,3.512
Animation_2160P-6f3b,2304,3032,30,4.082
Animation_360P-08c9,360,640,30,3.652
Animation_360P-188f,360,640,30,3.702
Animation_360P-24d4,360,480,30,3.435
Animation_360P-3e40,360,640,30,2.353
Animation_360P-3e52,360,640,30,3.651
Animation_360P-47cc,360,640,30,3.282
Animation_360P-4b4c,360,640,30,3.003
Animation_360P-4edc,360,640,30,3.682
Animation_360P-5712,360,640,30,3.552
Animation_360P-5de0,360,640,30,3.429
Animation_360P-631c,360,640,30,2.236
Animation_360P-69e0,360,640,30,3.382
Animation_360P-7856,360,640,30,2.751
Animation_360P-794f,360,640,30,3.362
Animation_480P-046c,480,640,30,3.15
Animation_480P-073c,480,640,30,3.407
Animation_480P-087e,480,720,30,3.525
Animation_480P-08a5,480,640,30,3.42
Animation_480P-0d04,480,856,30,3.111
Animation_480P-35ee,480,720,30,3.29
Animation_480P-3fdf,480,640,30,3.465
Animation_480P-4b86,480,720,30,3.495
Animation_480P-4e36,480,640,30,3.303
Animation_480P-52af,480,854,30,3.656
Animation_480P-6e23,480,854,30,3.731
Animation_480P-6ef6,480,640,30,3.607
Animation_480P-70d4,480,720,30,3.848
Animation_480P-791b,480,640,30,3.286
Animation_480P-7a31,480,640,30,3.487
Animation_480P-7ef2,480,854,30,3.164
Animation_720P-0116,720,1280,30,4.054
Animation_720P-01b3,720,1280,30,3.638
Animation_720P-06a6,720,1280,30,3.942
Animation_720P-0acc,720,1280,30,3.876
Animation_720P-13b7,720,1280,30,4.318
Animation_720P-1a6d,720,1280,30,4.283
Animation_720P-2525,720,1280,30,3.73
Animation_720P-2abf,720,1280,30,3.615
Animation_720P-3adc,720,1280,30,3.575
Animation_720P-412a,720,1280,30,4.249
Animation_720P-41cf,720,1280,30,3.862
Animation_720P-41d6,720,960,30,4.148
Animation_720P-4268,720,1280,30,3.846
Animation_720P-431c,720,1280,30,4.396
Animation_720P-57d9,720,1280,30,3.522
Animation_720P-620f,720,1280,30,4.522
Animation_720P-6372,720,1280,30,4.422
Animation_720P-79ee,720,1280,30,2.197
Animation_720P-7b29,720,1280,30,3.862
Animation_720P-7e7d,720,1280,30,3.589
Animation_720P-7ff2,720,1280,30,4.124
CoverSong_1080P-0188,1080,1920,30,2.383
CoverSong_1080P-033d,1080,1920,30,4.433
CoverSong_1080P-0a86,1080,1920,30,4.228
CoverSong_1080P-0cdc,1080,1920,30,2.741
CoverSong_1080P-0f33,1080,1920,30,3.221
CoverSong_1080P-0f3a,1080,1440,30,4.358
CoverSong_1080P-1963,1080,1920,30,3.882
CoverSong_1080P-1b08,1080,1920,30,3.812
CoverSong_1080P-1b0c,1080,1920,30,3.763
CoverSong_1080P-2207,1080,1440,30,3.675
CoverSong_1080P-237f,1080,1920,30,3.893
CoverSong_1080P-3409,1080,1920,30,4.331
CoverSong_1080P-3499,1080,1920,30,4.193
CoverSong_1080P-3aac,1080,1920,30,3.381
CoverSong_1080P-3df8,1080,1920,30,3.827
CoverSong_1080P-4bad,1080,1920,30,4.298
CoverSong_1080P-5430,1080,1920,30,3.969
CoverSong_1080P-5456,1080,1920,30,3.736
CoverSong_1080P-5cae,1080,1920,30,3.209
CoverSong_1080P-5e69,1080,1920,30,3.29
CoverSong_1080P-5f92,1080,1920,30,4.043
CoverSong_1080P-6f26,1080,1440,30,4.288
CoverSong_360P-0a9d,360,640,30,2.538
CoverSong_360P-0aa2,360,640,30,2.511
CoverSong_360P-11f9,360,640,30,2.79
CoverSong_360P-13d2,360,640,30,2.578
CoverSong_360P-14b9,360,640,30,2.633
CoverSong_360P-1b2b,360,640,30,3.409
CoverSong_360P-2b4d,360,480,30,2.796
CoverSong_360P-3218,360,640,30,2.427
CoverSong_360P-4add,360,640,30,2.855
CoverSong_360P-53a6,360,640,30,3.235
CoverSong_360P-59d1,360,640,30,2.828
CoverSong_360P-5a24,360,640,30,2.789
CoverSong_360P-5d20,360,480,30,2.943
CoverSong_360P-67ec,360,640,30,2.404
CoverSong_360P-6d6a,360,640,30,3.273
CoverSong_360P-6da7,360,640,30,2.763
CoverSong_480P-0170,480,640,30,3.118
CoverSong_480P-1019,480,640,30,3.815
CoverSong_480P-1109,480,640,30,2.826
CoverSong_480P-2142,480,854,30,3.25
CoverSong_480P-2207,480,640,30,2.934
CoverSong_480P-2d2c,480,640,30,3.837
CoverSong_480P-3076,480,640,30,1.71
CoverSong_480P-35e1,480,640,30,3.608
CoverSong_480P-3e4b,480,640,30,2.877
CoverSong_480P-3e92,480,640,30,4.235
CoverSong_480P-3f3b,480,640,30,3.027
CoverSong_480P-4d34,480,640,30,2.677
CoverSong_480P-53f4,480,640,30,3.169
CoverSong_480P-59f2,480,720,30,3.418
CoverSong_480P-5b62,480,640,30,3.056
CoverSong_480P-60a6,480,640,30,2.369
CoverSong_480P-64d0,480,640,30,3.917
CoverSong_480P-6c3e,480,720,30,2.502
CoverSong_480P-6c50,480,640,30,2.729
CoverSong_480P-7f6d,480,854,30,3.048
CoverSong_720P-014c,720,1280,30,2.618
CoverSong_720P-0239,720,1280,30,2.52
CoverSong_720P-10f1,720,1280,30,2.805
CoverSong_720P-2d05,720,1280,30,3.224
CoverSong_720P-4006,720,1280,30,3.414
CoverSong_720P-449f,720,1280,30,3.496
CoverSong_720P-5689,720,960,30,2.317
CoverSong_720P-5ba2,720,1280,30,2.834
CoverSong_720P-60d3,720,1280,30,2.991
CoverSong_720P-6626,720,1280,30,3.316
CoverSong_720P-6b8c,720,1280,30,2.988
CoverSong_720P-6d6a,720,1280,30,3.52
CoverSong_720P-6d81,720,1280,30,3.145
CoverSong_720P-7360,720,1280,30,2.798
CoverSong_720P-7539,720,1280,30,2.348
Gaming_1080P-0ce6,1080,1920,30,3.968
Gaming_1080P-0ef8,1080,1920,30,3.781
Gaming_1080P-12d4,1080,1920,30,4.494
Gaming_1080P-13e3,1080,1920,30,4.434
Gaming_1080P-1704,1080,1920,30,4.295
Gaming_1080P-173a,1080,1920,30,3.013
Gaming_1080P-190d,1080,1920,30,3.898
Gaming_1080P-2221,1080,1920,30,4.239
Gaming_1080P-223e,1080,1920,30,4.283
Gaming_1080P-26dc,1080,1920,30,3.541
Gaming_1080P-277c,1080,1920,30,3.884
Gaming_1080P-29b1,1080,1920,30,3.829
Gaming_1080P-2e97,1080,1920,30,4.391
Gaming_1080P-35fa,1080,1920,30,3.035
Gaming_1080P-3a9d,1080,1920,30,3.872
Gaming_1080P-3d58,1080,1920,30,3.782
Gaming_1080P-44c4,1080,1920,30,3.839
Gaming_1080P-45af,1080,1920,30,4.373
Gaming_1080P-45fc,1080,1920,30,3.695
Gaming_1080P-4865,1080,1920,30,4.355
Gaming_1080P-51fc,1080,1920,30,4.377
Gaming_1080P-564e,1080,1920,30,4.322
Gaming_1080P-57ca,1080,1920,30,4.409
Gaming_1080P-58ba,1080,1440,30,3.952
Gaming_1080P-6530,1080,1920,30,3.92
Gaming_1080P-6578,1080,1920,30,4.399
Gaming_1080P-66d2,1080,1920,30,4.142
Gaming_1080P-698a,1080,1920,30,3.743
Gaming_1080P-6d53,1080,1920,30,3.821
Gaming_1080P-6db2,1080,1920,30,3.475
Gaming_1080P-6dc6,1080,1920,30,4.602
Gaming_1080P-6e45,1080,1920,30,2.517
Gaming_1080P-71a5,1080,1920,30,4.482
Gaming_1080P-72c8,1080,1920,30,4.366
Gaming_1080P-777b,1080,1920,30,4.05
Gaming_1080P-7a1e,1080,1920,30,4.024
Gaming_2160P-2b92,2160,4096,30,3.632
Gaming_2160P-2cb1,2160,3840,30,4.481
Gaming_2160P-2dc4,2160,3840,30,4.383
Gaming_2160P-3002,2160,3840,30,4.337
Gaming_2160P-348d,2160,3840,30,4.443
Gaming_2160P-34a1,2160,3840,30,4.414
Gaming_2160P-387f,2160,3840,30,4.513
Gaming_2160P-4139,2160,3840,30,3.923
Gaming_2160P-416f,2160,3840,30,4.332
Gaming_2160P-4258,2160,3840,30,4.067
Gaming_2160P-5c33,2160,3840,30,2.834
Gaming_2160P-5c53,2160,3840,30,4.309
Gaming_2160P-673d,2160,3840,30,4.165
Gaming_2160P-6bb6,2160,3840,30,4.537
Gaming_2160P-6cd8,2160,3840,30,4.31
Gaming_2160P-7e80,2160,3840,30,4.108
Gaming_360P-0b98,360,640,30,3.14
Gaming_360P-187a,360,640,30,3.133
Gaming_360P-2164,360,640,30,3.245
Gaming_360P-2330,360,640,30,2.607
Gaming_360P-2f99,360,640,30,3.281
Gaming_360P-3794,360,640,30,1.475
Gaming_360P-3eb6,360,640,30,3.184
Gaming_360P-4f09,360,640,30,3.506
Gaming_360P-56fe,360,640,30,2.439
Gaming_360P-586d,360,640,30,3.026
Gaming_360P-5e0f,360,464,30,3.012
Gaming_360P-6207,360,640,30,3.349
Gaming_360P-63e6,360,640,30,2.636
Gaming_360P-73c7,360,640,30,3.247
Gaming_360P-7975,360,640,30,2.761
Gaming_360P-7acb,360,640,30,3.059
Gaming_480P-0109,480,640,30,2.436
Gaming_480P-09ab,480,848,30,3.795
Gaming_480P-0a03,480,720,30,2.676
Gaming_480P-0d23,480,640,30,3.466
Gaming_480P-0dbc,480,720,30,2.973
Gaming_480P-14fc,480,854,30,3.822
Gaming_480P-1542,480,854,30,2.776
Gaming_480P-20ca,480,720,30,2.891
Gaming_480P-3a44,480,720,30,3.043
Gaming_480P-445b,480,640,30,3.714
Gaming_480P-4560,480,854,30,3.904
Gaming_480P-5a5a,480,854,30,3.478
Gaming_480P-61ee,480,640,30,3.631
Gaming_480P-626a,480,856,30,3.786
Gaming_480P-6491,480,720,30,3.013
Gaming_480P-6548,480,640,30,2.871
Gaming_480P-6a5a,480,854,30,3.468
Gaming_480P-6c92,480,864,30,2.348
Gaming_480P-6cdc,480,640,30,2.425
Gaming_480P-6d1e,480,566,30,2.674
Gaming_480P-6f4b,480,864,30,3.67
Gaming_480P-75f7,480,640,30,2.798
Gaming_480P-7a08,480,640,30,3.792
Gaming_480P-7e76,480,720,30,2.397
Gaming_720P-0fba,720,1280,30,4.089
Gaming_720P-0fdb,720,1280,30,3.263
Gaming_720P-103a,720,1280,30,4.056
Gaming_720P-1cbb,720,1280,30,4.01
Gaming_720P-221d,720,1280,30,3.252
Gaming_720P-25aa,720,1280,30,2.952
Gaming_720P-2dbe,720,1280,30,4.327
Gaming_720P-312f,720,1280,30,3.826
Gaming_720P-324d,720,3840,30,3.145
Gaming_720P-3524,720,1280,30,3.11
Gaming_720P-40b2,720,1280,30,3.855
Gaming_720P-469a,720,1280,30,4.124
Gaming_720P-493e,720,1280,30,3.567
Gaming_720P-4cda,720,1280,30,3.62
Gaming_720P-5973,720,1280,30,4.067
Gaming_720P-5ba2,720,1280,30,4.281
Gaming_720P-6403,720,1280,30,4.023
Gaming_720P-64b0,720,1280,30,4.396
Gaming_720P-6625,720,1280,30,3.813
Gaming_720P-6658,720,1280,30,3.715
Gaming_720P-6a45,720,1280,30,3.967
HDR_1080P-0d31,1080,1920,30,4.373
HDR_1080P-13eb,1080,1920,30,3.761
HDR_1080P-1be2,1080,1920,30,3.756
HDR_1080P-1e5b,1080,1920,30,1.242
HDR_1080P-206d,1080,1920,30,3.791
HDR_1080P-2d32,1080,1920,30,4.503
HDR_1080P-3181,1080,1920,30,3.777
HDR_1080P-33e3,1080,1920,30,4.45
HDR_1080P-3521,1080,1920,30,3.895
HDR_1080P-35f4,1080,1920,30,4.16
HDR_1080P-3749,1080,1920,30,4.08
HDR_1080P-3a4a,1080,1920,30,3.824
HDR_1080P-46a4,1080,1920,30,3.582
HDR_1080P-49d6,1080,1920,30,4.589
HDR_1080P-4f4a,1080,1920,30,3.51
HDR_1080P-548b,1080,1920,30,4.626
HDR_1080P-549e,1080,1920,30,4.064
HDR_1080P-55c4,1080,1920,30,4.106
HDR_1080P-601b,1080,1920,30,4.318
HDR_1080P-687e,1080,1920,30,2.629
HDR_1080P-68c8,1080,1920,30,3.804
HDR_1080P-69de,1080,1920,30,4.181
HDR_1080P-6eb7,1080,1920,30,4.046
HDR_1080P-7825,1080,1920,30,4.514
HDR_2160P-06ae,2160,3840,30,4.474
HDR_2160P-15e2,2160,3840,30,4.191
HDR_2160P-2a72,2160,3840,30,4.113
HDR_2160P-3663,2160,3840,30,4.34
HDR_2160P-40ab,2160,3840,30,4.105
HDR_2160P-4dcd,2160,3840,30,3.763
HDR_2160P-5275,2160,3840,30,4.206
HDR_2160P-5926,2160,3840,30,4.386
HDR_2160P-5e25,2160,3840,30,4.209
HDR_2160P-664d,2160,3840,30,3.753
HDR_2160P-6ed1,2160,3840,30,3.724
HDR_2160P-6eeb,2160,4096,30,4.402
HDR_2160P-6fab,2160,3840,30,3.443
HDR_2160P-70ca,2160,3840,30,3.905
HowTo_1080P-0267,1080,1920,30,4.234
HowTo_1080P-03fd,1080,1920,30,3.517
HowTo_1080P-13aa,1080,1920,30,4.336
HowTo_1080P-1f3b,1080,1920,30,4.185
HowTo_1080P-36a9,1080,1920,30,4.427
HowTo_1080P-4d7b,1080,1920,30,4.199
HowTo_1080P-52bb,1080,1920,30,4.272
HowTo_1080P-55d1,1080,1920,30,4.102
HowTo_1080P-63e4,1080,1920,30,3.948
HowTo_1080P-63ec,1080,1920,30,4.229
HowTo_1080P-64f7,1080,1920,30,4.454
HowTo_1080P-6cbf,1080,1920,30,1.915
HowTo_1080P-7399,1080,1920,30,4.194
HowTo_1080P-763c,1080,1920,30,3.957
HowTo_1080P-7cf2,1080,1920,30,3.717
HowTo_1080P-7f18,1080,1920,30,3.718
HowTo_360P-041c,360,640,30,3.214
HowTo_360P-0562,360,640,30,3.261
HowTo_360P-06be,360,640,30,3.601
HowTo_360P-09f8,360,640,30,2.951
HowTo_360P-127f,360,640,30,3.332
HowTo_360P-18e7,360,640,30,2.78
HowTo_360P-1dba,360,640,30,1.907
HowTo_360P-2074,360,640,30,3.536
HowTo_360P-2a3b,360,640,30,2.589
HowTo_360P-2d35,360,640,30,2.847
HowTo_360P-2fd5,360,640,30,2.049
HowTo_360P-3aa6,360,640,30,3.019
HowTo_360P-4276,360,640,30,3.448
HowTo_360P-4e4c,360,640,30,3.005
HowTo_360P-55e9,360,640,30,3.496
HowTo_360P-5da7,360,640,30,3.425
HowTo_360P-6093,360,640,30,3.205
HowTo_360P-6a0e,360,640,30,2.104
HowTo_360P-7dcd,360,640,30,3.035
HowTo_360P-7fb1,360,640,30,3.322
HowTo_480P-04f1,480,640,30,3.454
HowTo_480P-0cb3,480,640,30,3.592
HowTo_480P-0d00,480,640,30,3.998
HowTo_480P-0eb3,480,848,30,2.507
HowTo_480P-15c1,480,848,30,3.264
HowTo_480P-221e,480,640,30,3.283
HowTo_480P-2610,480,640,30,2.981
HowTo_480P-32c9,480,640,30,2.51
HowTo_480P-3435,480,640,30,3.93
HowTo_480P-470b,480,640,30,3.858
HowTo_480P-4948,480,640,30,2.551
HowTo_480P-4a28,480,720,30,3.659
HowTo_480P-4b6a,480,640,30,2.763
HowTo_480P-4c99,480,850,30,2.94
HowTo_480P-56a5,480,640,30,4.085
HowTo_480P-60b3,480,640,30,3.576
HowTo_480P-63a2,480,720,30,3.559
HowTo_480P-64a2,480,854,30,2.836
HowTo_480P-7c11,480,720,30,3.267
HowTo_720P-06eb,720,1280,30,4.13
HowTo_720P-0a67,720,1280,30,4.315
HowTo_720P-0b01,720,1280,30,4.111
HowTo_720P-12f7,720,1280,30,3.3
HowTo_720P-21c6,720,1280,30,2.838
HowTo_720P-269e,720,1280,30,3.643
HowTo_720P-37d0,720,1280,30,4.429
HowTo_720P-3813,720,1280,30,3.072
HowTo_720P-3a5d,720,1280,30,2.536
HowTo_720P-479b,720,1280,30,3.62
HowTo_720P-483c,720,1280,30,3.485
HowTo_720P-4d55,720,1280,30,3.947
HowTo_720P-4d9e,720,1280,30,3.688
HowTo_720P-6323,720,1280,30,3.732
HowTo_720P-6791,720,1280,30,2.263
HowTo_720P-7878,720,1280,30,3.674
HowTo_720P-7c38,720,1280,30,4.074
Lecture_1080P-011f,1080,1440,30,3.59
Lecture_1080P-0c8a,1080,1920,30,4.55
Lecture_1080P-1709,1080,1920,30,4.172
Lecture_1080P-1969,1080,1920,30,3.649
Lecture_360P-03bc,360,640,30,2.762
Lecture_360P-051a,360,480,30,2.64
Lecture_360P-114f,360,640,30,4.172
Lecture_360P-20c3,360,640,30,3.133
Lecture_360P-2276,360,640,30,3.742
Lecture_360P-27db,360,640,30,3.092
Lecture_360P-2c55,360,640,30,3.717
Lecture_360P-2d1f,360,640,30,3.62
Lecture_360P-30eb,360,640,30,3.35
Lecture_360P-311d,360,640,30,3.603
Lecture_360P-3590,360,640,30,3.703
Lecture_360P-44c2,360,640,30,3.389
Lecture_360P-4bb4,360,640,30,3.822
Lecture_360P-4f00,360,640,30,3.172
Lecture_360P-506c,360,640,30,3.168
Lecture_360P-5594,360,640,30,3.367
Lecture_360P-5aea,360,640,30,3.088
Lecture_360P-5d0a,360,640,30,3.416
Lecture_360P-6656,360,640,30,3.458
Lecture_360P-6d29,360,640,30,2.99
Lecture_360P-7550,360,640,30,3.033
Lecture_360P-7a57,360,640,30,3.493
Lecture_360P-7f7e,360,640,30,3.679
Lecture_480P-02f2,480,720,30,3.261
Lecture_480P-11df,480,720,30,3.514
Lecture_480P-181a,480,640,30,1.785
Lecture_480P-1ec3,480,720,30,3.186
Lecture_480P-2513,480,640,30,1.879
Lecture_480P-2655,480,640,30,3.261
Lecture_480P-2ed0,480,640,30,1.453
Lecture_480P-369f,480,856,30,4.193
Lecture_480P-41b7,480,640,30,3.328
Lecture_480P-4272,480,640,30,3.457
Lecture_480P-42c3,480,638,30,3.451
Lecture_480P-4bc3,480,854,30,3.93
Lecture_480P-4c86,480,720,30,3.666
Lecture_480P-5aee,480,352,30,2.606
Lecture_480P-5cd7,480,720,30,4.024
Lecture_480P-5f3a,480,352,30,2.324
Lecture_480P-6191,480,640,30,3.502
Lecture_480P-6b1e,480,640,30,3.368
Lecture_480P-71c0,480,640,30,3.249
Lecture_480P-71d6,480,640,30,3.275
Lecture_480P-7205,480,640,30,3.417
Lecture_480P-73f6,480,640,30,3.256
Lecture_480P-74cf,480,720,30,3.428
Lecture_480P-74ea,480,640,30,3.258
Lecture_480P-7d77,480,640,30,3.598
Lecture_480P-7e55,480,642,30,3.538
Lecture_480P-7eec,480,854,30,3.015
Lecture_720P-003a,720,1280,30,3.812
Lecture_720P-07e0,720,1280,30,4.082
Lecture_720P-094d,720,1280,30,3.616
Lecture_720P-0f64,720,1280,30,3.58
Lecture_720P-1033,720,1280,30,3.541
Lecture_720P-10bc,720,1280,30,3.116
Lecture_720P-11e7,720,1280,30,2.569
Lecture_720P-1e62,720,1280,30,3.958
Lecture_720P-1f22,720,1280,30,4.233
Lecture_720P-2442,720,1280,30,3.39
Lecture_720P-2b0f,720,1152,30,3.852
Lecture_720P-2f38,720,1280,30,3.552
Lecture_720P-2f8c,720,1280,30,3.839
Lecture_720P-3b7f,720,1280,30,4.106
Lecture_720P-3f9f,720,956,30,3.479
Lecture_720P-4c87,720,1280,30,3.743
Lecture_720P-50b9,720,1280,30,3.579
Lecture_720P-5120,720,1280,30,4.295
Lecture_720P-53a1,720,1280,30,3.586
Lecture_720P-5725,720,1280,30,4.262
Lecture_720P-5c7e,720,1280,30,3.846
Lecture_720P-6016,720,1280,30,3.043
Lecture_720P-6951,720,1280,30,4.163
Lecture_720P-7189,720,1280,30,3.869
Lecture_720P-7e40,720,1280,30,4.246
LiveMusic_1080P-14af,1080,1920,30,4.45
LiveMusic_1080P-157b,1080,1920,30,4.36
LiveMusic_1080P-21dd,1080,1440,30,3.819
LiveMusic_1080P-28fe,1080,1920,30,3.693
LiveMusic_1080P-2930,1080,1920,30,3.776
LiveMusic_1080P-2f7f,1080,1920,30,3.326
LiveMusic_1080P-3f95,1080,1920,30,4.05
LiveMusic_1080P-51f6,1080,1920,30,3.819
LiveMusic_1080P-541f,1080,1920,30,4.174
LiveMusic_1080P-59b3,1080,1440,30,3.443
LiveMusic_1080P-6d1a,1080,1920,30,3.78
LiveMusic_1080P-6fe2,1080,1920,30,3.281
LiveMusic_1080P-77e8,1080,1920,30,3.346
LiveMusic_1080P-7948,1080,1920,30,3.838
LiveMusic_1080P-7ead,1080,1920,30,3.559
LiveMusic_360P-121f,360,640,30,3.43
LiveMusic_360P-1d94,360,640,30,3.028
LiveMusic_360P-22c5,360,640,30,3.231
LiveMusic_360P-2508,360,640,30,3.004
LiveMusic_360P-265c,360,480,30,2.339
LiveMusic_360P-2b0f,360,640,30,3.401
LiveMusic_360P-3979,360,640,30,1.838
LiveMusic_360P-3b96,360,640,30,2.358
LiveMusic_360P-3be0,360,480,30,1.72
LiveMusic_360P-48d5,360,640,30,3.325
LiveMusic_360P-5281,360,640,30,3.596
LiveMusic_360P-54d0,360,640,30,3.559
LiveMusic_360P-5b57,360,640,30,2.773
LiveMusic_360P-6266,360,640,30,3.383
LiveMusic_360P-6640,360,640,30,3.11
LiveMusic_360P-6a65,360,480,30,2.427
LiveMusic_360P-7483,360,640,30,3.063
LiveMusic_480P-0638,480,852,30,2.909
LiveMusic_480P-1a91,480,720,30,3.173
LiveMusic_480P-2019,480,640,30,3.631
LiveMusic_480P-2a5e,480,640,30,3.089
LiveMusic_480P-38f3,480,640,30,2.973
LiveMusic_480P-3d03,480,720,30,2.729
LiveMusic_480P-459c,480,640,30,2.755
LiveMusic_480P-474a,480,640,30,1.491
LiveMusic_480P-4c3a,480,640,30,2.907
LiveMusic_480P-4f88,480,720,30,3.267
LiveMusic_480P-559d,480,640,30,3.695
LiveMusic_480P-58fb,480,640,30,3.502
LiveMusic_480P-61ef,480,640,30,3.153
LiveMusic_480P-6542,480,640,30,3.249
LiveMusic_480P-65ca,480,640,30,3.691
LiveMusic_720P-0cd5,720,1280,30,4.042
LiveMusic_720P-0d9f,720,1280,30,3.319
LiveMusic_720P-2620,720,1280,30,3.721
LiveMusic_720P-267b,720,1280,30,3.525
LiveMusic_720P-289b,720,1280,30,2.436
LiveMusic_720P-3320,720,1280,30,3.45
LiveMusic_720P-4ae2,720,1280,30,3.285
LiveMusic_720P-58db,720,1280,30,4.382
LiveMusic_720P-6343,720,1280,30,3.304
LiveMusic_720P-6452,720,1280,30,3.098
LiveMusic_720P-653e,720,1280,30,3.112
LiveMusic_720P-65f6,720,1280,30,4.019
LiveMusic_720P-66df,720,1280,30,4.592
LiveMusic_720P-71c5,720,1280,30,3.605
LyricVideo_1080P-16b6,1080,1920,30,4.381
LyricVideo_1080P-1b04,1080,1440,30,3.803
LyricVideo_1080P-1d75,1080,1920,30,4.299
LyricVideo_1080P-2946,1080,1920,30,4.177
LyricVideo_1080P-3803,1080,1920,30,3.95
LyricVideo_1080P-41ee,1080,1920,30,4.071
LyricVideo_1080P-4b40,1080,1920,30,3.636
LyricVideo_1080P-5461,1080,1920,30,4.031
LyricVideo_1080P-584f,1080,1920,30,3.188
LyricVideo_1080P-63d4,1080,1920,30,4.221
LyricVideo_1080P-63d9,1080,1440,30,3.512
LyricVideo_1080P-725e,1080,1920,30,4.399
LyricVideo_1080P-756a,1080,1920,30,4.228
LyricVideo_360P-0ac7,360,480,30,2.964
LyricVideo_360P-17ce,360,480,30,2.83
LyricVideo_360P-3afc,360,480,30,2.685
LyricVideo_360P-5868,360,640,30,3.107
LyricVideo_360P-5e87,360,640,30,2.999
LyricVideo_480P-0f72,480,848,30,2.064
LyricVideo_480P-1484,480,854,30,3.145
LyricVideo_480P-200a,480,640,30,3.063
LyricVideo_480P-2c50,480,640,30,2.985
LyricVideo_480P-3b2c,480,720,30,3.472
LyricVideo_480P-3ccf,480,640,30,2.639
LyricVideo_480P-4346,480,854,30,3.193
LyricVideo_480P-51e4,480,640,30,3.179
LyricVideo_480P-5c17,480,640,30,3.344
LyricVideo_480P-6fca,480,848,30,2.572
LyricVideo_480P-7919,480,640,30,2.508
LyricVideo_720P-068d,720,1280,30,3.825
LyricVideo_720P-0940,720,1280,30,3.045
LyricVideo_720P-0ae4,720,1280,30,3.717
LyricVideo_720P-1c89,720,1280,30,3.93
LyricVideo_720P-2d24,720,1280,30,4.199
LyricVideo_720P-36fb,720,1280,30,3.839
LyricVideo_720P-4253,720,1280,30,4.066
LyricVideo_720P-47a9,720,1280,30,2.816
LyricVideo_720P-59ed,720,1280,30,4.315
LyricVideo_720P-5d3a,720,960,30,3.939
LyricVideo_720P-6f0c,720,1280,30,2.803
LyricVideo_720P-6fc9,720,1280,30,2.671
LyricVideo_720P-739a,720,1280,30,2.877
LyricVideo_720P-74a0,720,1280,30,4.415
LyricVideo_720P-7f44,720,1280,30,4.196
MusicVideo_1080P-04b6,1080,1920,30,4.288
MusicVideo_1080P-0706,1080,1920,30,4.084
MusicVideo_1080P-0860,1080,1920,30,3.963
MusicVideo_1080P-106d,1080,1440,30,3.259
MusicVideo_1080P-16e6,1080,1920,30,4.349
MusicVideo_1080P-18f5,1080,1920,30,3.829
MusicVideo_1080P-1a53,1080,1920,30,3.577
MusicVideo_1080P-24f5,1080,1920,30,4.283
MusicVideo_1080P-2b2b,1080,1920,30,4.436
MusicVideo_1080P-2d1c,1080,1440,30,3.616
MusicVideo_1080P-34ff,1080,1440,30,3.658
MusicVideo_1080P-3a50,1080,1920,30,3.69
MusicVideo_1080P-453f,1080,1920,30,4.372
MusicVideo_1080P-4671,1080,1920,30,3.083
MusicVideo_1080P-5072,1080,1920,30,4.19
MusicVideo_1080P-55af,1080,1920,30,3.748
MusicVideo_1080P-65c6,1080,1920,30,4.066
MusicVideo_1080P-6c1d,1080,1920,30,4.323
MusicVideo_1080P-6fb1,1080,1440,30,3.492
MusicVideo_1080P-7265,1080,1920,30,3.566
MusicVideo_1080P-7706,1080,1920,30,2.925
MusicVideo_1080P-7f2e,1080,1920,30,3.75
MusicVideo_360P-17e4,360,640,30,3.233
MusicVideo_360P-24b0,360,640,30,3.512
MusicVideo_360P-2fcb,360,640,30,3.619
MusicVideo_360P-462f,360,640,30,3.51
MusicVideo_360P-4de7,360,480,30,2.968
MusicVideo_360P-5358,360,640,30,3.069
MusicVideo_360P-5578,360,480,30,2.873
MusicVideo_360P-5699,360,640,30,3.776
MusicVideo_360P-5f07,360,640,30,2.921
MusicVideo_360P-5f8d,360,640,30,2.437
MusicVideo_360P-648c,360,640,30,3.272
MusicVideo_360P-7b94,360,640,30,2.44
MusicVideo_480P-0448,480,640,30,3.453
MusicVideo_480P-12fb,480,640,30,3.059
MusicVideo_480P-184c,480,640,30,3.726
MusicVideo_480P-1eee,480,640,30,3.061
MusicVideo_480P-2de0,480,656,30,3.47
MusicVideo_480P-3aa2,480,854,30,2.767
MusicVideo_480P-3c8b,480,640,30,2.908
MusicVideo_480P-41ce,480,720,30,3.766
MusicVideo_480P-483b,480,720,30,1.539
MusicVideo_480P-4cc8,480,854,30,3.346
MusicVideo_480P-5830,480,640,30,3.045
MusicVideo_480P-6026,480,640,30,3.033
MusicVideo_480P-61ba,480,720,30,1.756
MusicVideo_480P-6fb6,480,640,30,3.611
MusicVideo_480P-7643,480,1080,30,3.093
MusicVideo_480P-7955,480,854,30,3.509
MusicVideo_720P-0355,720,1280,30,1.907
MusicVideo_720P-0752,720,1280,30,4.365
MusicVideo_720P-14f0,720,1280,30,2.382
MusicVideo_720P-2d7d,720,1280,30,2.988
MusicVideo_720P-3698,720,1280,30,4.378
MusicVideo_720P-3c4c,720,1280,30,4.135
MusicVideo_720P-44c1,720,1280,30,4.499
MusicVideo_720P-4895,720,1280,30,4.173
MusicVideo_720P-4ad2,720,1280,30,3.756
MusicVideo_720P-575d,720,1280,30,3.242
MusicVideo_720P-5c9c,720,1280,30,2.471
MusicVideo_720P-62df,720,1280,30,4.246
MusicVideo_720P-734f,720,1280,30,3.848
MusicVideo_720P-7bcf,720,1280,30,3.536
NewsClip_1080P-00c3,1080,1920,30,4.421
NewsClip_1080P-06df,1080,1920,30,4.489
NewsClip_1080P-0abf,1080,1920,30,3.672
NewsClip_1080P-1db0,1080,1920,30,4.141
NewsClip_1080P-22b3,1080,1440,30,3.812
NewsClip_1080P-27fb,1080,1920,30,4.002
NewsClip_1080P-2eb0,1080,1920,30,4.484
NewsClip_1080P-3427,1080,1920,30,4.382
NewsClip_1080P-3c7c,1080,1920,30,4.462
NewsClip_1080P-4241,1080,1920,30,3.936
NewsClip_1080P-48ae,1080,1920,30,3.887
NewsClip_1080P-5b53,1080,1920,30,4.45
NewsClip_1080P-5be1,1080,1920,30,4.065
NewsClip_1080P-632e,1080,1920,30,3.517
NewsClip_1080P-67dc,1080,1920,30,3.977
NewsClip_360P-0376,360,640,30,3.095
NewsClip_360P-0ff8,360,640,30,3.518
NewsClip_360P-1093,360,480,30,3.1
NewsClip_360P-1b1c,360,640,30,3.514
NewsClip_360P-1e1c,360,480,30,3.254
NewsClip_360P-22ce,360,480,30,2.698
NewsClip_360P-274e,360,480,30,3.332
NewsClip_360P-2986,360,640,30,2.902
NewsClip_360P-2c91,320,480,30,2.859
NewsClip_360P-3451,320,480,30,2.121
NewsClip_360P-4288,352,640,30,3.393
NewsClip_360P-439a,320,480,30,3.282
NewsClip_360P-4417,320,480,30,2.924
NewsClip_360P-5052,360,640,30,2.095
NewsClip_360P-5752,360,480,30,3.346
NewsClip_360P-5bcc,360,480,30,2.864
NewsClip_360P-5f3b,360,480,30,2.298
NewsClip_360P-66ae,360,480,30,3.218
NewsClip_360P-67ce,360,640,30,3.196
NewsClip_360P-7a96,360,480,30,2.291
NewsClip_480P-0269,480,720,30,3.04
NewsClip_480P-0ce5,480,720,30,3.265
NewsClip_480P-15fa,480,640,30,3.581
NewsClip_480P-2407,480,640,30,2.688
NewsClip_480P-28eb,480,728,30,2.998
NewsClip_480P-2b9b,480,640,30,2.421
NewsClip_480P-2ba7,480,640,30,2.791
NewsClip_480P-31bd,480,854,30,3.61
NewsClip_480P-3672,480,640,30,3.802
NewsClip_480P-36d0,480,640,30,3.764
NewsClip_480P-437c,480,720,30,3.011
NewsClip_480P-49c9,480,640,30,3.975
NewsClip_480P-4a9f,480,720,30,2.983
NewsClip_480P-543f,480,856,30,3.423
NewsClip_480P-5a3b,480,640,30,2.237
NewsClip_480P-5e7f,480,640,30,3.105
NewsClip_480P-606e,480,856,30,2.921
NewsClip_480P-6615,480,854,30,3.51
NewsClip_480P-696e,480,640,30,3.102
NewsClip_480P-6bfa,480,640,30,3.793
NewsClip_480P-7232,480,856,30,2.991
NewsClip_480P-72b8,480,640,30,3.407
NewsClip_480P-7a0d,480,640,30,3.754
NewsClip_720P-04ba,720,1280,30,3.49
NewsClip_720P-0c81,720,1280,30,3.893
NewsClip_720P-1971,720,1280,30,4.272
NewsClip_720P-2182,720,1280,30,3.494
NewsClip_720P-23e0,720,1280,30,4.11
NewsClip_720P-2882,720,1280,30,3.667
NewsClip_720P-35d9,720,1280,30,3.017
NewsClip_720P-37f7,720,1280,30,3.716
NewsClip_720P-4603,720,1280,30,3.454
NewsClip_720P-4e87,720,1280,30,4.368
NewsClip_720P-5564,720,1280,30,4.377
NewsClip_720P-5787,720,1280,30,4.483
NewsClip_720P-579b,720,1280,30,2.866
NewsClip_720P-6016,720,1280,30,4.522
NewsClip_720P-6106,720,1280,30,2.996
NewsClip_720P-672c,720,1280,30,3.987
NewsClip_720P-6a19,720,1280,30,3.547
NewsClip_720P-6cde,720,1280,30,4.297
NewsClip_720P-72d2,720,1280,30,4.357
NewsClip_720P-739b,720,1280,30,4.007
NewsClip_720P-7745,720,1280,30,4.528
NewsClip_720P-7b7e,720,1280,30,4.145
NewsClip_720P-7b97,720,1280,30,2.803
NewsClip_720P-7c67,720,1280,30,4.434
NewsClip_720P-7e56,720,1280,30,4.41
Sports_1080P-0640,1080,1920,30,3.524
Sports_1080P-08e1,1080,1920,30,4.224
Sports_1080P-0d0c,1080,1920,30,3.98
Sports_1080P-15d1,1080,1920,30,4.57
Sports_1080P-19d8,1080,1920,30,4.472
Sports_1080P-1ae3,1080,1440,30,3.352
Sports_1080P-1bf7,1080,1920,30,4.49
Sports_1080P-1d78,1080,1920,30,3.378
Sports_1080P-241e,1080,1920,30,4.411
Sports_1080P-2524,1080,1920,30,3.662
Sports_1080P-28a6,1080,1920,30,4.452
Sports_1080P-2a21,1080,1920,30,3.231
Sports_1080P-3a3b,1080,1440,30,3.669
Sports_1080P-3db7,1080,1440,30,4.021
Sports_1080P-3eb0,1080,1920,30,3.819
Sports_1080P-43e2,1080,1920,30,4.414
Sports_1080P-47e9,1080,1920,30,4.106
Sports_1080P-49c5,1080,1920,30,4.142
Sports_1080P-4e05,1080,1920,30,3.445
Sports_1080P-53a0,1080,1920,30,3.429
Sports_1080P-5d25,1080,1920,30,3.478
Sports_1080P-6571,1080,1920,30,3.652
Sports_1080P-6710,1080,1920,30,4.335
Sports_1080P-679d,1080,1920,30,4.366
Sports_1080P-7203,1080,1920,30,3.91
Sports_1080P-7584,1080,1920,30,3.755
Sports_1080P-76a2,1080,1920,30,4.054
Sports_1080P-7dba,1080,1440,30,3.718
Sports_2160P-0455,2160,3840,30,4.287
Sports_2160P-086d,2160,3840,30,4.376
Sports_2160P-1261,2160,3840,30,4.114
Sports_2160P-1733,2160,3840,30,4.373
Sports_2160P-1b70,2160,3840,30,4.508
Sports_2160P-1ddc,2160,3840,30,3.466
Sports_2160P-210c,2160,3840,30,4.462
Sports_2160P-2626,2160,3840,30,4.388
Sports_2160P-279f,2160,3840,30,4.526
Sports_2160P-2a83,2160,3840,30,4.002
Sports_2160P-2e1d,2160,3840,30,4.457
Sports_2160P-300d,2160,3840,30,3.67
Sports_2160P-324e,2160,3840,30,4.317
Sports_2160P-349c,2160,3840,30,4.302
Sports_2160P-3794,2160,3840,30,3.158
Sports_2160P-391a,2160,3840,30,4.281
Sports_2160P-3a9a,2160,3840,30,3.633
Sports_2160P-3d85,2160,3840,30,4.517
Sports_2160P-4024,2160,3840,30,4.054
Sports_2160P-4201,2160,3840,30,4.012
Sports_2160P-49f1,2160,3840,30,4.287
Sports_2160P-4aae,2160,3840,30,4.323
Sports_2160P-4e9f,2160,3840,30,4.405
Sports_2160P-5ef3,2160,3840,30,4.209
Sports_2160P-69b9,2160,3840,30,4.564
Sports_2160P-6b28,2160,3840,30,4.391
Sports_2160P-7165,2160,3840,30,4.351
Sports_2160P-7a11,2160,3840,30,4.373
Sports_2160P-7af7,2160,3840,30,3.95
Sports_2160P-7af8,2160,3840,30,3.563
Sports_2160P-7bbe,2160,3840,30,4.343
Sports_360P-02c3,360,640,30,3.396
Sports_360P-0c66,360,720,30,3.097
Sports_360P-11b7,360,480,30,2.401
Sports_360P-1803,400,720,30,3.593
Sports_360P-1d5c,360,640,30,3.781
Sports_360P-2725,352,640,30,2.862
Sports_360P-27b0,352,640,30,2.82
Sports_360P-2ace,412,720,30,3.444
Sports_360P-2e48,384,512,30,2.744
Sports_360P-301d,400,720,30,3.667
Sports_360P-32d3,352,640,30,3.012
Sports_360P-3960,360,480,30,2.787
Sports_360P-3e68,360,640,30,2.508
Sports_360P-4545,464,624,30,2.432
Sports_360P-4802,468,628,30,2.582
Sports_360P-4ad7,468,632,30,2.327
Sports_360P-50fd,366,718,30,3.011
Sports_360P-5252,464,624,30,2.538
Sports_360P-5ded,384,684,30,3.784
Sports_360P-61f6,400,720,30,3.393
Sports_360P-65f3,360,360,30,2.826
Sports_360P-6b4f,406,720,30,2.981
Sports_360P-6c6f,360,480,30,2.556
Sports_360P-6f62,360,640,30,3.594
Sports_360P-7f50,464,624,30,1.963
Sports_480P-0623,576,720,30,3.106
Sports_480P-0827,576,720,30,2.914
Sports_480P-0af9,480,640,30,3.765
Sports_480P-0bb9,576,720,30,3.419
Sports_480P-0efe,480,848,30,3.673
Sports_480P-1019,576,768,30,3.316
Sports_480P-1056,576,720,30,3.149
Sports_480P-11ec,480,720,30,1.612
Sports_480P-1396,576,720,30,3.459
Sports_480P-19e4,480,854,30,3.835
Sports_480P-1d1b,576,768,30,2.177
Sports_480P-1fe9,480,720,30,1.706
Sports_480P-2053,576,720,30,3.149
Sports_480P-211f,480,352,30,2.715
Sports_480P-2dfe,576,720,30,2.401
Sports_480P-3195,576,720,30,3.537
Sports_480P-3404,480,854,30,3.533
Sports_480P-35ea,480,720,30,3.668
Sports_480P-3ca4,576,720,30,2.389
Sports_480P-3dfd,480,640,30,3.498
Sports_480P-3f50,540,960,30,4.234
Sports_480P-41a5,480,854,30,1.97
Sports_480P-44e5,576,720,30,3.17
Sports_480P-4cf8,576,720,30,2.023
Sports_480P-5224,480,640,30,2.866
Sports_480P-5871,480,640,30,2.698
Sports_480P-5f38,640,360,30,3.771
Sports_480P-6508,576,720,30,3.448
Sports_480P-6e41,576,720,30,3.306
Sports_480P-77e3,480,720,30,3.053
Sports_480P-7f7e,576,720,30,1.953
Sports_720P-00a1,960,1280,30,4.061
Sports_720P-0104,720,1280,30,4.223
Sports_720P-058f,720,1280,30,4.28
Sports_720P-07d0,720,1280,30,3.863
Sports_720P-0b9e,720,1280,30,3.942
Sports_720P-17fb,720,1280,30,3.591
Sports_720P-2191,720,1280,30,3.789
Sports_720P-2234,720,1280,30,4.16
Sports_720P-2632,720,1280,30,3.884
Sports_720P-2c06,720,1280,30,3.978
Sports_720P-2c80,720,1280,30,3.136
Sports_720P-3072,720,1280,30,3.18
Sports_720P-3338,720,1280,30,4.483
Sports_720P-33c6,720,1280,30,2.985
Sports_720P-38a1,720,1280,30,3.165
Sports_720P-3eb4,720,1280,30,3.802
Sports_720P-3ffe,720,1280,30,3.011
Sports_720P-4b69,720,1280,30,3.903
Sports_720P-4c6f,720,1280,30,4.105
Sports_720P-50cf,720,1280,30,3.372
Sports_720P-531c,720,1280,30,4.555
Sports_720P-5833,720,1280,30,3.205
Sports_720P-5ae1,720,1280,30,4.333
Sports_720P-5bfd,960,1280,30,4.677
Sports_720P-5e39,720,1280,30,3.685
Sports_720P-5ea4,720,1280,30,4.238
Sports_720P-62ba,720,1280,30,2.965
Sports_720P-675b,720,1280,30,3.201
Sports_720P-69a0,720,1280,30,3.878
Sports_720P-6bb7,720,1280,30,3.882
Sports_720P-6d04,720,1280,30,3.783
Sports_720P-7ba7,720,1280,30,3.566
TelevisionClip_1080P-0604,1080,1920,30,3.765
TelevisionClip_1080P-3758,1080,1920,30,4.313
TelevisionClip_1080P-39e3,1080,1440,30,4.607
TelevisionClip_1080P-3b9b,1080,1920,30,4.251
TelevisionClip_1080P-3d10,1080,1920,30,4.052
TelevisionClip_1080P-3d83,1080,1920,30,3.382
TelevisionClip_1080P-3e42,1080,1440,30,1.989
TelevisionClip_1080P-401e,1080,1920,30,4.227
TelevisionClip_1080P-4c24,1080,1920,30,4.334
TelevisionClip_1080P-525d,1080,1920,30,4.273
TelevisionClip_1080P-5278,1080,1920,30,4.099
TelevisionClip_1080P-5e68,1080,1920,30,4.604
TelevisionClip_1080P-6026,1080,1920,30,4.415
TelevisionClip_1080P-6282,1080,1920,30,4.199
TelevisionClip_1080P-63e6,1080,1920,30,4.228
TelevisionClip_1080P-68c6,1080,1920,30,4.561
TelevisionClip_360P-0951,360,642,30,2.511
TelevisionClip_360P-11d5,360,540,30,2.842
TelevisionClip_360P-29f1,360,480,30,2.581
TelevisionClip_360P-3b9a,360,480,30,2.883
TelevisionClip_360P-74dd,360,640,30,3.58
TelevisionClip_360P-7b23,360,640,30,2.997
TelevisionClip_480P-09d8,480,640,30,2.908
TelevisionClip_480P-0e46,480,640,30,2.881
TelevisionClip_480P-19d3,480,854,30,3.442
TelevisionClip_480P-1b49,480,640,30,3.183
TelevisionClip_480P-27ca,480,640,30,3.475
TelevisionClip_480P-30b6,480,640,30,2.609
TelevisionClip_480P-3284,480,656,30,3.169
TelevisionClip_480P-3617,480,848,30,2.312
TelevisionClip_480P-373d,480,720,30,3.044
TelevisionClip_480P-3c64,480,640,30,3.456
TelevisionClip_480P-415c,480,720,30,3.544
TelevisionClip_480P-436c,480,368,30,2.823
TelevisionClip_480P-4c6b,480,720,30,3.85
TelevisionClip_480P-59f0,480,640,30,2.896
TelevisionClip_480P-723e,480,640,30,2.882
TelevisionClip_720P-1862,720,1280,30,3.238
TelevisionClip_720P-19de,720,1280,30,4.346
TelevisionClip_720P-1b61,720,1280,30,4.299
TelevisionClip_720P-31ce,720,1280,30,4.324
TelevisionClip_720P-3f4c,720,1280,30,2.515
TelevisionClip_720P-44d1,720,1280,30,3.839
TelevisionClip_720P-4edb,720,1280,30,4.015
TelevisionClip_720P-5e93,720,1280,30,4.292
TelevisionClip_720P-7c06,720,1280,30,4.396
VerticalVideo_1080P-04d4,1920,1080,30,4.15
VerticalVideo_1080P-1ac1,1920,1080,30,3.979
VerticalVideo_1080P-1c86,1920,1080,30,1.848
VerticalVideo_1080P-2f00,1920,1080,30,4.36
VerticalVideo_1080P-34ba,1920,1080,30,3.382
VerticalVideo_1080P-360f,2220,1080,30,4.189
VerticalVideo_1080P-3709,1920,1080,30,4.367
VerticalVideo_1080P-3a9b,1920,1080,30,4.432
VerticalVideo_1080P-3d96,1920,1080,30,4.452
VerticalVideo_1080P-4925,1920,1080,30,4.496
VerticalVideo_1080P-4b92,1920,1080,30,4.119
VerticalVideo_1080P-4da5,2560,1440,30,4.257
VerticalVideo_1080P-73b6,1920,1080,30,4.034
VerticalVideo_1080P-766b,1920,1080,30,3.305
VerticalVideo_1080P-7c5c,1920,1080,30,3.78
VerticalVideo_1080P-7cf3,1920,1080,30,3.955
VerticalVideo_2160P-6d62,3840,2160,30,4.199
VerticalVideo_360P-0d29,640,480,30,2.809
VerticalVideo_360P-1424,800,480,30,3.732
VerticalVideo_360P-145e,640,480,30,2.606
VerticalVideo_360P-2bb0,720,480,30,3.073
VerticalVideo_360P-2fa3,720,540,30,4.331
VerticalVideo_360P-3936,480,270,30,3.794
VerticalVideo_360P-3b4e,640,480,30,3.576
VerticalVideo_360P-5429,640,352,30,3.616
VerticalVideo_360P-54f7,800,480,30,4.146
VerticalVideo_360P-634f,768,432,30,4.523
VerticalVideo_360P-6490,720,480,30,2.973
VerticalVideo_360P-6ff2,640,480,30,3.543
VerticalVideo_360P-70a9,720,480,30,2.814
VerticalVideo_360P-7ba8,720,720,30,3.563
VerticalVideo_360P-7ec3,720,406,30,3.909
VerticalVideo_480P-1bb9,1024,768,30,3.825
VerticalVideo_480P-2fa4,1080,608,30,4.133
VerticalVideo_480P-34b9,856,480,30,3.527
VerticalVideo_480P-3a6a,854,480,30,4.337
VerticalVideo_480P-419c,848,480,30,3.78
VerticalVideo_480P-467e,854,480,30,3.383
VerticalVideo_480P-550d,1080,608,30,3.832
VerticalVideo_480P-572a,856,480,30,3.499
VerticalVideo_480P-7278,1088,612,30,3.005
VerticalVideo_480P-790a,1080,720,30,4.248
VerticalVideo_720P-0750,1280,720,30,3.71
VerticalVideo_720P-0dac,1280,720,30,2.934
VerticalVideo_720P-0f61,1324,740,30,4.522
VerticalVideo_720P-19fa,1280,720,30,4.269
VerticalVideo_720P-1ada,1280,720,30,3.532
VerticalVideo_720P-2efc,1280,720,30,3.523
VerticalVideo_720P-42f2,1280,720,30,3.199
VerticalVideo_720P-456c,1280,720,30,3.711
VerticalVideo_720P-4730,1280,720,30,4.107
VerticalVideo_720P-4ca7,1332,748,30,4.442
VerticalVideo_720P-6580,1280,720,30,2.979
VerticalVideo_720P-665d,1280,720,30,4.023
VerticalVideo_720P-669d,1280,720,30,4.176
VerticalVideo_720P-7517,1334,750,30,4.271
VerticalVideo_720P-7859,1280,720,30,3.603
VerticalVideo_720P-7c1d,1280,720,30,4.502
Vlog_1080P-010b,1080,1920,30,4.185
Vlog_1080P-18da,1080,1920,30,4.442
Vlog_1080P-19bb,1080,1920,30,3.076
Vlog_1080P-1df9,1080,1920,30,4.134
Vlog_1080P-1e70,1080,1920,30,2.442
Vlog_1080P-21f5,1080,1920,30,3.327
Vlog_1080P-2394,1080,1920,30,4.641
Vlog_1080P-23cb,1080,1920,30,3.069
Vlog_1080P-25de,1080,1920,30,1.914
Vlog_1080P-26dc,1080,1920,30,3.685
Vlog_1080P-2cda,1080,1920,30,4.429
Vlog_1080P-35cd,1080,1920,30,3.196
Vlog_1080P-3744,1080,1920,30,3.948
Vlog_1080P-45c9,1080,1920,30,2.888
Vlog_1080P-4f26,1080,1920,30,3.962
Vlog_1080P-52fe,1080,1920,30,3.838
Vlog_1080P-5904,1080,1920,30,4.365
Vlog_1080P-62fc,1080,1920,30,4.255
Vlog_1080P-64b6,1088,1088,30,4.192
Vlog_1080P-6686,1080,1920,30,3.926
Vlog_1080P-7e8c,1080,1920,30,3.042
Vlog_2160P-030a,2160,3840,30,2.448
Vlog_2160P-0577,2160,3840,30,4.27
Vlog_2160P-059c,2160,3840,30,4.441
Vlog_2160P-09c9,2160,3840,30,2.876
Vlog_2160P-13a1,2160,3840,30,3.859
Vlog_2160P-13fe,2160,3840,30,3.992
Vlog_2160P-19f9,2160,3840,30,3.919
Vlog_2160P-1ff6,2160,3840,30,3.29
Vlog_2160P-255c,2160,3840,30,4.443
Vlog_2160P-2953,2160,3840,30,3.467
Vlog_2160P-2b2d,2160,3840,30,3.906
Vlog_2160P-3019,2160,3840,30,4.578
Vlog_2160P-327a,2160,3840,30,3.983
Vlog_2160P-408f,2160,3840,30,3.79
Vlog_2160P-416c,2160,3840,30,4.019
Vlog_2160P-4362,2160,3840,30,4.554
Vlog_2160P-4419,2160,3840,30,4.324
Vlog_2160P-4655,2160,3840,30,3.887
Vlog_2160P-4f98,2160,3840,30,3.47
Vlog_2160P-5874,2160,3840,30,4.101
Vlog_2160P-62b2,2160,3840,30,3.39
Vlog_2160P-6629,2160,3840,30,4.27
Vlog_2160P-6f92,2160,3840,30,3.886
Vlog_2160P-700c,2160,3840,30,3.881
Vlog_2160P-70d6,2160,3840,30,3.067
Vlog_2160P-7324,2160,3840,30,4.194
Vlog_2160P-77d8,2160,3840,30,3.667
Vlog_2160P-7b10,2160,3840,30,3.864
Vlog_2160P-7b5c,2160,3840,30,3.61
Vlog_2160P-7f05,2160,3840,30,3.111
Vlog_360P-1e5b,360,640,30,3.266
Vlog_360P-22a0,360,640,30,3.286
Vlog_360P-2973,360,640,30,2.902
Vlog_360P-2e9d,360,640,30,2.746
Vlog_360P-3121,360,640,30,2.775
Vlog_360P-3bc2,360,640,30,3.944
Vlog_360P-433e,360,640,30,3.198
Vlog_360P-4697,360,640,30,3.551
Vlog_360P-4795,360,640,30,2.479
Vlog_360P-76ae,360,640,30,2.606
Vlog_360P-7efe,360,640,30,2.912
Vlog_480P-0980,480,720,30,2.755
Vlog_480P-0ddc,480,720,30,4.075
Vlog_480P-1b39,480,640,30,2.325
Vlog_480P-206f,480,640,30,2.779
Vlog_480P-279d,480,720,30,3.373
Vlog_480P-2cad,480,720,30,3.244
Vlog_480P-34ba,480,640,30,3.666
Vlog_480P-476b,480,854,30,3.431
Vlog_480P-4beb,480,640,30,2.512
Vlog_480P-5275,480,640,30,3.12
Vlog_480P-535d,480,720,30,2.846
Vlog_480P-59dc,480,640,30,3.206
Vlog_480P-5e1c,480,640,30,2.581
Vlog_480P-6395,480,640,30,3.755
Vlog_480P-6c60,480,640,30,2.487
Vlog_480P-7237,480,854,30,3.89
Vlog_480P-7615,480,640,30,2.588
Vlog_480P-7754,480,854,30,3.944
Vlog_480P-7d0c,480,640,30,3.577
Vlog_720P-033a,720,1280,30,4.302
Vlog_720P-03d5,720,1280,30,3.605
Vlog_720P-03f9,720,1280,30,3.972
Vlog_720P-0d79,720,1280,30,3.805
Vlog_720P-11c5,720,1280,30,3.816
Vlog_720P-141f,720,1280,30,3.128
Vlog_720P-155f,720,1280,30,4.316
Vlog_720P-2929,720,1280,30,3.918
Vlog_720P-329f,720,1280,30,3.7
Vlog_720P-32b2,720,1280,30,4.365
Vlog_720P-372d,720,1280,30,4.047
Vlog_720P-3e9c,720,1280,30,3.882
Vlog_720P-4e3d,720,1280,30,2.743
Vlog_720P-5364,720,1280,30,2.794
Vlog_720P-60f8,720,1280,30,4.335
Vlog_720P-6d56,720,1280,30,3.776
