flickr_id,mos,width,height,pixfmt,framerate,nb_frames,bitdepth,bitrate
Animation_1080P-05f8,3.901,1920,1080,0,30,0,0,0
Animation_1080P-0c4f,3.94,1920,1080,0,30,0,0,0
Animation_1080P-18f5,4.158,1920,1080,0,30,0,0,0
Animation_1080P-209f,4.189,1920,1080,0,30,0,0,0
Animation_1080P-21dd,3.791,1920,1080,0,30,0,0,0
Animation_1080P-2fbe,3.346,1920,1080,0,30,0,0,0
Animation_1080P-2fff,4.369,1920,1080,0,30,0,0,0
Animation_1080P-3d67,2.778,1920,1080,0,30,0,0,0
Animation_1080P-3dbf,4.444,1920,1080,0,30,0,0,0
Animation_1080P-3e01,4.045,1920,1080,0,30,0,0,0
Animation_1080P-4214,3.51,1920,1080,0,30,0,0,0
Animation_1080P-4be3,3.565,1920,1080,0,30,0,0,0
Animation_1080P-4ea8,4.121,1920,1080,0,30,0,0,0
Animation_1080P-5083,3.252,1920,1080,0,30,0,0,0
Animation_1080P-58d3,4.243,1920,1080,0,30,0,0,0
Animation_1080P-5dd8,3.958,1920,1080,0,30,0,0,0
Animation_1080P-646f,3.376,1920,1080,0,30,0,0,0
Animation_2160P-41dc,3.512,3840,2160,0,30,0,0,0
Animation_2160P-6f3b,4.082,3032,2304,0,30,0,0,0
Animation_360P-08c9,3.652,640,360,0,30,0,0,0
Animation_360P-188f,3.702,640,360,0,30,0,0,0
Animation_360P-24d4,3.435,480,360,0,30,0,0,0
Animation_360P-3e40,2.353,640,360,0,30,0,0,0
Animation_360P-3e52,3.651,640,360,0,30,0,0,0
Animation_360P-47cc,3.282,640,360,0,30,0,0,0
Animation_360P-4b4c,3.003,640,360,0,30,0,0,0
Animation_360P-4edc,3.682,640,360,0,30,0,0,0
Animation_360P-5712,3.552,640,360,0,30,0,0,0
Animation_360P-5de0,3.429,640,360,0,30,0,0,0
Animation_360P-631c,2.236,640,360,0,30,0,0,0
Animation_360P-69e0,3.382,640,360,0,30,0,0,0
Animation_360P-7856,2.751,640,360,0,30,0,0,0
Animation_360P-794f,3.362,640,360,0,30,0,0,0
Animation_480P-046c,3.15,640,480,0,30,0,0,0
Animation_480P-073c,3.407,640,480,0,30,0,0,0
Animation_480P-087e,3.525,720,480,0,30,0,0,0
Animation_480P-08a5,3.42,640,480,0,30,0,0,0
Animation_480P-0d04,3.111,856,480,0,30,0,0,0
Animation_480P-35ee,3.29,720,480,0,30,0,0,0
Animation_480P-3fdf,3.465,640,480,0,30,0,0,0
Animation_480P-4b86,3.495,720,480,0,30,0,0,0
Animation_480P-4e36,3.303,640,480,0,30,0,0,0
Animation_480P-52af,3.656,854,480,0,30,0,0,0
Animation_480P-6e23,3.731,854,480,0,30,0,0,0
Animation_480P-6ef6,3.607,640,480,0,30,0,0,0
Animation_480P-70d4,3.848,720,480,0,30,0,0,0
Animation_480P-791b,3.286,640,480,0,30,0,0,0
Animation_480P-7a31,3.487,640,480,0,30,0,0,0
Animation_480P-7ef2,3.164,854,480,0,30,0,0,0
Animation_720P-0116,4.054,1280,720,0,30,0,0,0
Animation_720P-01b3,3.638,1280,720,0,30,0,0,0
Animation_720P-06a6,3.942,1280,720,0,30,0,0,0
Animation_720P-0acc,3.876,1280,720,0,30,0,0,0
Animation_720P-13b7,4.318,1280,720,0,30,0,0,0
Animation_720P-1a6d,4.283,1280,720,0,30,0,0,0
Animation_720P-2525,3.73,1280,720,0,30,0,0,0
Animation_720P-2abf,3.615,1280,720,0,30,0,0,0
Animation_720P-3adc,3.575,1280,720,0,30,0,0,0
Animation_720P-412a,4.249,1280,720,0,30,0,0,0
Animation_720P-41cf,3.862,1280,720,0,30,0,0,0
Animation_720P-41d6,4.148,960,720,0,30,0,0,0
Animation_720P-4268,3.846,1280,720,0,30,0,0,0
Animation_720P-431c,4.396,1280,720,0,30,0,0,0
Animation_720P-57d9,3.522,1280,720,0,30,0,0,0
Animation_720P-620f,4.522,1280,720,0,30,0,0,0
Animation_720P-6372,4.422,1280,720,0,30,0,0,0
Animation_720P-79ee,2.197,1280,720,0,30,0,0,0
Animation_720P-7b29,3.862,1280,720,0,30,0,0,0
Animation_720P-7e7d,3.589,1280,720,0,30,0,0,0
Animation_720P-7ff2,4.124,1280,720,0,30,0,0,0
CoverSong_1080P-0188,2.383,1920,1080,0,30,0,0,0
CoverSong_1080P-033d,4.433,1920,1080,0,30,0,0,0
CoverSong_1080P-0a86,4.228,1920,1080,0,30,0,0,0
CoverSong_1080P-0cdc,2.741,1920,1080,0,30,0,0,0
CoverSong_1080P-0f33,3.221,1920,1080,0,30,0,0,0
CoverSong_1080P-0f3a,4.358,1440,1080,0,30,0,0,0
CoverSong_1080P-1963,3.882,1920,1080,0,30,0,0,0
CoverSong_1080P-1b08,3.812,1920,1080,0,30,0,0,0
CoverSong_1080P-1b0c,3.763,1920,1080,0,30,0,0,0
CoverSong_1080P-2207,3.675,1440,1080,0,30,0,0,0
CoverSong_1080P-237f,3.893,1920,1080,0,30,0,0,0
CoverSong_1080P-3409,4.331,1920,1080,0,30,0,0,0
CoverSong_1080P-3499,4.193,1920,1080,0,30,0,0,0
CoverSong_1080P-3aac,3.381,1920,1080,0,30,0,0,0
CoverSong_1080P-3df8,3.827,1920,1080,0,30,0,0,0
CoverSong_1080P-4bad,4.298,1920,1080,0,30,0,0,0
CoverSong_1080P-5430,3.969,1920,1080,0,30,0,0,0
CoverSong_1080P-5456,3.736,1920,1080,0,30,0,0,0
CoverSong_1080P-5cae,3.209,1920,1080,0,30,0,0,0
CoverSong_1080P-5e69,3.29,1920,1080,0,30,0,0,0
CoverSong_1080P-5f92,4.043,1920,1080,0,30,0,0,0
CoverSong_1080P-6f26,4.288,1440,1080,0,30,0,0,0
CoverSong_360P-0a9d,2.538,640,360,0,30,0,0,0
CoverSong_360P-0aa2,2.511,640,360,0,30,0,0,0
CoverSong_360P-11f9,2.79,640,360,0,30,0,0,0
CoverSong_360P-13d2,2.578,640,360,0,30,0,0,0
CoverSong_360P-14b9,2.633,640,360,0,30,0,0,0
CoverSong_360P-1b2b,3.409,640,360,0,30,0,0,0
CoverSong_360P-2b4d,2.796,480,360,0,30,0,0,0
CoverSong_360P-3218,2.427,640,360,0,30,0,0,0
CoverSong_360P-4add,2.855,640,360,0,30,0,0,0
CoverSong_360P-53a6,3.235,640,360,0,30,0,0,0
CoverSong_360P-59d1,2.828,640,360,0,30,0,0,0
CoverSong_360P-5a24,2.789,640,360,0,30,0,0,0
CoverSong_360P-5d20,2.943,480,360,0,30,0,0,0
CoverSong_360P-67ec,2.404,640,360,0,30,0,0,0
CoverSong_360P-6d6a,3.273,640,360,0,30,0,0,0
CoverSong_360P-6da7,2.763,640,360,0,30,0,0,0
CoverSong_480P-0170,3.118,640,480,0,30,0,0,0
CoverSong_480P-1019,3.815,640,480,0,30,0,0,0
CoverSong_480P-1109,2.826,640,480,0,30,0,0,0
CoverSong_480P-2142,3.25,854,480,0,30,0,0,0
CoverSong_480P-2207,2.934,640,480,0,30,0,0,0
CoverSong_480P-2d2c,3.837,640,480,0,30,0,0,0
CoverSong_480P-3076,1.71,640,480,0,30,0,0,0
CoverSong_480P-35e1,3.608,640,480,0,30,0,0,0
CoverSong_480P-3e4b,2.877,640,480,0,30,0,0,0
CoverSong_480P-3e92,4.235,640,480,0,30,0,0,0
CoverSong_480P-3f3b,3.027,640,480,0,30,0,0,0
CoverSong_480P-4d34,2.677,640,480,0,30,0,0,0
CoverSong_480P-53f4,3.169,640,480,0,30,0,0,0
CoverSong_480P-59f2,3.418,720,480,0,30,0,0,0
CoverSong_480P-5b62,3.056,640,480,0,30,0,0,0
CoverSong_480P-60a6,2.369,640,480,0,30,0,0,0
CoverSong_480P-64d0,3.917,640,480,0,30,0,0,0
CoverSong_480P-6c3e,2.502,720,480,0,30,0,0,0
CoverSong_480P-6c50,2.729,640,480,0,30,0,0,0
CoverSong_480P-7f6d,3.048,854,480,0,30,0,0,0
CoverSong_720P-014c,2.618,1280,720,0,30,0,0,0
CoverSong_720P-0239,2.52,1280,720,0,30,0,0,0
CoverSong_720P-10f1,2.805,1280,720,0,30,0,0,0
CoverSong_720P-2d05,3.224,1280,720,0,30,0,0,0
CoverSong_720P-4006,3.414,1280,720,0,30,0,0,0
CoverSong_720P-449f,3.496,1280,720,0,30,0,0,0
CoverSong_720P-5689,2.317,960,720,0,30,0,0,0
CoverSong_720P-5ba2,2.834,1280,720,0,30,0,0,0
CoverSong_720P-60d3,2.991,1280,720,0,30,0,0,0
CoverSong_720P-6626,3.316,1280,720,0,30,0,0,0
CoverSong_720P-6b8c,2.988,1280,720,0,30,0,0,0
CoverSong_720P-6d6a,3.52,1280,720,0,30,0,0,0
CoverSong_720P-6d81,3.145,1280,720,0,30,0,0,0
CoverSong_720P-7360,2.798,1280,720,0,30,0,0,0
CoverSong_720P-7539,2.348,1280,720,0,30,0,0,0
Gaming_1080P-0ce6,3.968,1920,1080,0,30,0,0,0
Gaming_1080P-0ef8,3.781,1920,1080,0,30,0,0,0
Gaming_1080P-12d4,4.494,1920,1080,0,30,0,0,0
Gaming_1080P-13e3,4.434,1920,1080,0,30,0,0,0
Gaming_1080P-1704,4.295,1920,1080,0,30,0,0,0
Gaming_1080P-173a,3.013,1920,1080,0,30,0,0,0
Gaming_1080P-190d,3.898,1920,1080,0,30,0,0,0
Gaming_1080P-2221,4.239,1920,1080,0,30,0,0,0
Gaming_1080P-223e,4.283,1920,1080,0,30,0,0,0
Gaming_1080P-26dc,3.541,1920,1080,0,30,0,0,0
Gaming_1080P-277c,3.884,1920,1080,0,30,0,0,0
Gaming_1080P-29b1,3.829,1920,1080,0,30,0,0,0
Gaming_1080P-2e97,4.391,1920,1080,0,30,0,0,0
Gaming_1080P-35fa,3.035,1920,1080,0,30,0,0,0
Gaming_1080P-3a9d,3.872,1920,1080,0,30,0,0,0
Gaming_1080P-3d58,3.782,1920,1080,0,30,0,0,0
Gaming_1080P-44c4,3.839,1920,1080,0,30,0,0,0
Gaming_1080P-45af,4.373,1920,1080,0,30,0,0,0
Gaming_1080P-45fc,3.695,1920,1080,0,30,0,0,0
Gaming_1080P-4865,4.355,1920,1080,0,30,0,0,0
Gaming_1080P-51fc,4.377,1920,1080,0,30,0,0,0
Gaming_1080P-564e,4.322,1920,1080,0,30,0,0,0
Gaming_1080P-57ca,4.409,1920,1080,0,30,0,0,0
Gaming_1080P-58ba,3.952,1440,1080,0,30,0,0,0
Gaming_1080P-6530,3.92,1920,1080,0,30,0,0,0
Gaming_1080P-6578,4.399,1920,1080,0,30,0,0,0
Gaming_1080P-66d2,4.142,1920,1080,0,30,0,0,0
Gaming_1080P-698a,3.743,1920,1080,0,30,0,0,0
Gaming_1080P-6d53,3.821,1920,1080,0,30,0,0,0
Gaming_1080P-6db2,3.475,1920,1080,0,30,0,0,0
Gaming_1080P-6dc6,4.602,1920,1080,0,30,0,0,0
Gaming_1080P-6e45,2.517,1920,1080,0,30,0,0,0
Gaming_1080P-71a5,4.482,1920,1080,0,30,0,0,0
Gaming_1080P-72c8,4.366,1920,1080,0,30,0,0,0
Gaming_1080P-777b,4.05,1920,1080,0,30,0,0,0
Gaming_1080P-7a1e,4.024,1920,1080,0,30,0,0,0
Gaming_2160P-2b92,3.632,4096,2160,0,30,0,0,0
Gaming_2160P-2cb1,4.481,3840,2160,0,30,0,0,0
Gaming_2160P-2dc4,4.383,3840,2160,0,30,0,0,0
Gaming_2160P-3002,4.337,3840,2160,0,30,0,0,0
Gaming_2160P-348d,4.443,3840,2160,0,30,0,0,0
Gaming_2160P-34a1,4.414,3840,2160,0,30,0,0,0
Gaming_2160P-387f,4.513,3840,2160,0,30,0,0,0
Gaming_2160P-4139,3.923,3840,2160,0,30,0,0,0
Gaming_2160P-416f,4.332,3840,2160,0,30,0,0,0
Gaming_2160P-4258,4.067,3840,2160,0,30,0,0,0
Gaming_2160P-5c33,2.834,3840,2160,0,30,0,0,0
Gaming_2160P-5c53,4.309,3840,2160,0,30,0,0,0
Gaming_2160P-673d,4.165,3840,2160,0,30,0,0,0
Gaming_2160P-6bb6,4.537,3840,2160,0,30,0,0,0
Gaming_2160P-6cd8,4.31,3840,2160,0,30,0,0,0
Gaming_2160P-7e80,4.108,3840,2160,0,30,0,0,0
Gaming_360P-0b98,3.14,640,360,0,30,0,0,0
Gaming_360P-187a,3.133,640,360,0,30,0,0,0
Gaming_360P-2164,3.245,640,360,0,30,0,0,0
Gaming_360P-2330,2.607,640,360,0,30,0,0,0
Gaming_360P-2f99,3.281,640,360,0,30,0,0,0
Gaming_360P-3794,1.475,640,360,0,30,0,0,0
Gaming_360P-3eb6,3.184,640,360,0,30,0,0,0
Gaming_360P-4f09,3.506,640,360,0,30,0,0,0
Gaming_360P-56fe,2.439,640,360,0,30,0,0,0
Gaming_360P-586d,3.026,640,360,0,30,0,0,0
Gaming_360P-5e0f,3.012,464,360,0,30,0,0,0
Gaming_360P-6207,3.349,640,360,0,30,0,0,0
Gaming_360P-63e6,2.636,640,360,0,30,0,0,0
Gaming_360P-73c7,3.247,640,360,0,30,0,0,0
Gaming_360P-7975,2.761,640,360,0,30,0,0,0
Gaming_360P-7acb,3.059,640,360,0,30,0,0,0
Gaming_480P-0109,2.436,640,480,0,30,0,0,0
Gaming_480P-09ab,3.795,848,480,0,30,0,0,0
Gaming_480P-0a03,2.676,720,480,0,30,0,0,0
Gaming_480P-0d23,3.466,640,480,0,30,0,0,0
Gaming_480P-0dbc,2.973,720,480,0,30,0,0,0
Gaming_480P-14fc,3.822,854,480,0,30,0,0,0
Gaming_480P-1542,2.776,854,480,0,30,0,0,0
Gaming_480P-20ca,2.891,720,480,0,30,0,0,0
Gaming_480P-3a44,3.043,720,480,0,30,0,0,0
Gaming_480P-445b,3.714,640,480,0,30,0,0,0
Gaming_480P-4560,3.904,854,480,0,30,0,0,0
Gaming_480P-5a5a,3.478,854,480,0,30,0,0,0
Gaming_480P-61ee,3.631,640,480,0,30,0,0,0
Gaming_480P-626a,3.786,856,480,0,30,0,0,0
Gaming_480P-6491,3.013,720,480,0,30,0,0,0
Gaming_480P-6548,2.871,640,480,0,30,0,0,0
Gaming_480P-6a5a,3.468,854,480,0,30,0,0,0
Gaming_480P-6c92,2.348,864,480,0,30,0,0,0
Gaming_480P-6cdc,2.425,640,480,0,30,0,0,0
Gaming_480P-6d1e,2.674,566,480,0,30,0,0,0
Gaming_480P-6f4b,3.67,864,480,0,30,0,0,0
Gaming_480P-75f7,2.798,640,480,0,30,0,0,0
Gaming_480P-7a08,3.792,640,480,0,30,0,0,0
Gaming_480P-7e76,2.397,720,480,0,30,0,0,0
Gaming_720P-0fba,4.089,1280,720,0,30,0,0,0
Gaming_720P-0fdb,3.263,1280,720,0,30,0,0,0
Gaming_720P-103a,4.056,1280,720,0,30,0,0,0
Gaming_720P-1cbb,4.01,1280,720,0,30,0,0,0
Gaming_720P-221d,3.252,1280,720,0,30,0,0,0
Gaming_720P-25aa,2.952,1280,720,0,30,0,0,0
Gaming_720P-2dbe,4.327,1280,720,0,30,0,0,0
Gaming_720P-312f,3.826,1280,720,0,30,0,0,0
Gaming_720P-324d,3.145,3840,720,0,30,0,0,0
Gaming_720P-3524,3.11,1280,720,0,30,0,0,0
Gaming_720P-40b2,3.855,1280,720,0,30,0,0,0
Gaming_720P-469a,4.124,1280,720,0,30,0,0,0
Gaming_720P-493e,3.567,1280,720,0,30,0,0,0
Gaming_720P-4cda,3.62,1280,720,0,30,0,0,0
Gaming_720P-5973,4.067,1280,720,0,30,0,0,0
Gaming_720P-5ba2,4.281,1280,720,0,30,0,0,0
Gaming_720P-6403,4.023,1280,720,0,30,0,0,0
Gaming_720P-64b0,4.396,1280,720,0,30,0,0,0
Gaming_720P-6625,3.813,1280,720,0,30,0,0,0
Gaming_720P-6658,3.715,1280,720,0,30,0,0,0
Gaming_720P-6a45,3.967,1280,720,0,30,0,0,0
HDR_1080P-0d31,4.373,1920,1080,0,30,0,0,0
HDR_1080P-13eb,3.761,1920,1080,0,30,0,0,0
HDR_1080P-1be2,3.756,1920,1080,0,30,0,0,0
HDR_1080P-1e5b,1.242,1920,1080,0,30,0,0,0
HDR_1080P-206d,3.791,1920,1080,0,30,0,0,0
HDR_1080P-2d32,4.503,1920,1080,0,30,0,0,0
HDR_1080P-3181,3.777,1920,1080,0,30,0,0,0
HDR_1080P-33e3,4.45,1920,1080,0,30,0,0,0
HDR_1080P-3521,3.895,1920,1080,0,30,0,0,0
HDR_1080P-35f4,4.16,1920,1080,0,30,0,0,0
HDR_1080P-3749,4.08,1920,1080,0,30,0,0,0
HDR_1080P-3a4a,3.824,1920,1080,0,30,0,0,0
HDR_1080P-46a4,3.582,1920,1080,0,30,0,0,0
HDR_1080P-49d6,4.589,1920,1080,0,30,0,0,0
HDR_1080P-4f4a,3.51,1920,1080,0,30,0,0,0
HDR_1080P-548b,4.626,1920,1080,0,30,0,0,0
HDR_1080P-549e,4.064,1920,1080,0,30,0,0,0
HDR_1080P-55c4,4.106,1920,1080,0,30,0,0,0
HDR_1080P-601b,4.318,1920,1080,0,30,0,0,0
HDR_1080P-687e,2.629,1920,1080,0,30,0,0,0
HDR_1080P-68c8,3.804,1920,1080,0,30,0,0,0
HDR_1080P-69de,4.181,1920,1080,0,30,0,0,0
HDR_1080P-6eb7,4.046,1920,1080,0,30,0,0,0
HDR_1080P-7825,4.514,1920,1080,0,30,0,0,0
HDR_2160P-06ae,4.474,3840,2160,0,30,0,0,0
HDR_2160P-15e2,4.191,3840,2160,0,30,0,0,0
HDR_2160P-2a72,4.113,3840,2160,0,30,0,0,0
HDR_2160P-3663,4.34,3840,2160,0,30,0,0,0
HDR_2160P-40ab,4.105,3840,2160,0,30,0,0,0
HDR_2160P-4dcd,3.763,3840,2160,0,30,0,0,0
HDR_2160P-5275,4.206,3840,2160,0,30,0,0,0
HDR_2160P-5926,4.386,3840,2160,0,30,0,0,0
HDR_2160P-5e25,4.209,3840,2160,0,30,0,0,0
HDR_2160P-664d,3.753,3840,2160,0,30,0,0,0
HDR_2160P-6ed1,3.724,3840,2160,0,30,0,0,0
HDR_2160P-6eeb,4.402,4096,2160,0,30,0,0,0
HDR_2160P-6fab,3.443,3840,2160,0,30,0,0,0
HDR_2160P-70ca,3.905,3840,2160,0,30,0,0,0
HowTo_1080P-0267,4.234,1920,1080,0,30,0,0,0
HowTo_1080P-03fd,3.517,1920,1080,0,30,0,0,0
HowTo_1080P-13aa,4.336,1920,1080,0,30,0,0,0
HowTo_1080P-1f3b,4.185,1920,1080,0,30,0,0,0
HowTo_1080P-36a9,4.427,1920,1080,0,30,0,0,0
HowTo_1080P-4d7b,4.199,1920,1080,0,30,0,0,0
HowTo_1080P-52bb,4.272,1920,1080,0,30,0,0,0
HowTo_1080P-55d1,4.102,1920,1080,0,30,0,0,0
HowTo_1080P-63e4,3.948,1920,1080,0,30,0,0,0
HowTo_1080P-63ec,4.229,1920,1080,0,30,0,0,0
HowTo_1080P-64f7,4.454,1920,1080,0,30,0,0,0
HowTo_1080P-6cbf,1.915,1920,1080,0,30,0,0,0
HowTo_1080P-7399,4.194,1920,1080,0,30,0,0,0
HowTo_1080P-763c,3.957,1920,1080,0,30,0,0,0
HowTo_1080P-7cf2,3.717,1920,1080,0,30,0,0,0
HowTo_1080P-7f18,3.718,1920,1080,0,30,0,0,0
HowTo_360P-041c,3.214,640,360,0,30,0,0,0
HowTo_360P-0562,3.261,640,360,0,30,0,0,0
HowTo_360P-06be,3.601,640,360,0,30,0,0,0
HowTo_360P-09f8,2.951,640,360,0,30,0,0,0
HowTo_360P-127f,3.332,640,360,0,30,0,0,0
HowTo_360P-18e7,2.78,640,360,0,30,0,0,0
HowTo_360P-1dba,1.907,640,360,0,30,0,0,0
HowTo_360P-2074,3.536,640,360,0,30,0,0,0
HowTo_360P-2a3b,2.589,640,360,0,30,0,0,0
HowTo_360P-2d35,2.847,640,360,0,30,0,0,0
HowTo_360P-2fd5,2.049,640,360,0,30,0,0,0
HowTo_360P-3aa6,3.019,640,360,0,30,0,0,0
HowTo_360P-4276,3.448,640,360,0,30,0,0,0
HowTo_360P-4e4c,3.005,640,360,0,30,0,0,0
HowTo_360P-55e9,3.496,640,360,0,30,0,0,0
HowTo_360P-5da7,3.425,640,360,0,30,0,0,0
HowTo_360P-6093,3.205,640,360,0,30,0,0,0
HowTo_360P-6a0e,2.104,640,360,0,30,0,0,0
HowTo_360P-7dcd,3.035,640,360,0,30,0,0,0
HowTo_360P-7fb1,3.322,640,360,0,30,0,0,0
HowTo_480P-04f1,3.454,640,480,0,30,0,0,0
HowTo_480P-0cb3,3.592,640,480,0,30,0,0,0
HowTo_480P-0d00,3.998,640,480,0,30,0,0,0
HowTo_480P-0eb3,2.507,848,480,0,30,0,0,0
HowTo_480P-15c1,3.264,848,480,0,30,0,0,0
HowTo_480P-221e,3.283,640,480,0,30,0,0,0
HowTo_480P-2610,2.981,640,480,0,30,0,0,0
HowTo_480P-32c9,2.51,640,480,0,30,0,0,0
HowTo_480P-3435,3.93,640,480,0,30,0,0,0
HowTo_480P-470b,3.858,640,480,0,30,0,0,0
HowTo_480P-4948,2.551,640,480,0,30,0,0,0
HowTo_480P-4a28,3.659,720,480,0,30,0,0,0
HowTo_480P-4b6a,2.763,640,480,0,30,0,0,0
HowTo_480P-4c99,2.94,850,480,0,30,0,0,0
HowTo_480P-56a5,4.085,640,480,0,30,0,0,0
HowTo_480P-60b3,3.576,640,480,0,30,0,0,0
HowTo_480P-63a2,3.559,720,480,0,30,0,0,0
HowTo_480P-64a2,2.836,854,480,0,30,0,0,0
HowTo_480P-7c11,3.267,720,480,0,30,0,0,0
HowTo_720P-06eb,4.13,1280,720,0,30,0,0,0
HowTo_720P-0a67,4.315,1280,720,0,30,0,0,0
HowTo_720P-0b01,4.111,1280,720,0,30,0,0,0
HowTo_720P-12f7,3.3,1280,720,0,30,0,0,0
HowTo_720P-21c6,2.838,1280,720,0,30,0,0,0
HowTo_720P-269e,3.643,1280,720,0,30,0,0,0
HowTo_720P-37d0,4.429,1280,720,0,30,0,0,0
HowTo_720P-3813,3.072,1280,720,0,30,0,0,0
HowTo_720P-3a5d,2.536,1280,720,0,30,0,0,0
HowTo_720P-479b,3.62,1280,720,0,30,0,0,0
HowTo_720P-483c,3.485,1280,720,0,30,0,0,0
HowTo_720P-4d55,3.947,1280,720,0,30,0,0,0
HowTo_720P-4d9e,3.688,1280,720,0,30,0,0,0
HowTo_720P-6323,3.732,1280,720,0,30,0,0,0
HowTo_720P-6791,2.263,1280,720,0,30,0,0,0
HowTo_720P-7878,3.674,1280,720,0,30,0,0,0
HowTo_720P-7c38,4.074,1280,720,0,30,0,0,0
Lecture_1080P-011f,3.59,1440,1080,0,30,0,0,0
Lecture_1080P-0c8a,4.55,1920,1080,0,30,0,0,0
Lecture_1080P-1709,4.172,1920,1080,0,30,0,0,0
Lecture_1080P-1969,3.649,1920,1080,0,30,0,0,0
Lecture_360P-03bc,2.762,640,360,0,30,0,0,0
Lecture_360P-051a,2.64,480,360,0,30,0,0,0
Lecture_360P-114f,4.172,640,360,0,30,0,0,0
Lecture_360P-20c3,3.133,640,360,0,30,0,0,0
Lecture_360P-2276,3.742,640,360,0,30,0,0,0
Lecture_360P-27db,3.092,640,360,0,30,0,0,0
Lecture_360P-2c55,3.717,640,360,0,30,0,0,0
Lecture_360P-2d1f,3.62,640,360,0,30,0,0,0
Lecture_360P-30eb,3.35,640,360,0,30,0,0,0
Lecture_360P-311d,3.603,640,360,0,30,0,0,0
Lecture_360P-3590,3.703,640,360,0,30,0,0,0
Lecture_360P-44c2,3.389,640,360,0,30,0,0,0
Lecture_360P-4bb4,3.822,640,360,0,30,0,0,0
Lecture_360P-4f00,3.172,640,360,0,30,0,0,0
Lecture_360P-506c,3.168,640,360,0,30,0,0,0
Lecture_360P-5594,3.367,640,360,0,30,0,0,0
Lecture_360P-5aea,3.088,640,360,0,30,0,0,0
Lecture_360P-5d0a,3.416,640,360,0,30,0,0,0
Lecture_360P-6656,3.458,640,360,0,30,0,0,0
Lecture_360P-6d29,2.99,640,360,0,30,0,0,0
Lecture_360P-7550,3.033,640,360,0,30,0,0,0
Lecture_360P-7a57,3.493,640,360,0,30,0,0,0
Lecture_360P-7f7e,3.679,640,360,0,30,0,0,0
Lecture_480P-02f2,3.261,720,480,0,30,0,0,0
Lecture_480P-11df,3.514,720,480,0,30,0,0,0
Lecture_480P-181a,1.785,640,480,0,30,0,0,0
Lecture_480P-1ec3,3.186,720,480,0,30,0,0,0
Lecture_480P-2513,1.879,640,480,0,30,0,0,0
Lecture_480P-2655,3.261,640,480,0,30,0,0,0
Lecture_480P-2ed0,1.453,640,480,0,30,0,0,0
Lecture_480P-369f,4.193,856,480,0,30,0,0,0
Lecture_480P-41b7,3.328,640,480,0,30,0,0,0
Lecture_480P-4272,3.457,640,480,0,30,0,0,0
Lecture_480P-42c3,3.451,638,480,0,30,0,0,0
Lecture_480P-4bc3,3.93,854,480,0,30,0,0,0
Lecture_480P-4c86,3.666,720,480,0,30,0,0,0
Lecture_480P-5aee,2.606,352,480,0,30,0,0,0
Lecture_480P-5cd7,4.024,720,480,0,30,0,0,0
Lecture_480P-5f3a,2.324,352,480,0,30,0,0,0
Lecture_480P-6191,3.502,640,480,0,30,0,0,0
Lecture_480P-6b1e,3.368,640,480,0,30,0,0,0
Lecture_480P-71c0,3.249,640,480,0,30,0,0,0
Lecture_480P-71d6,3.275,640,480,0,30,0,0,0
Lecture_480P-7205,3.417,640,480,0,30,0,0,0
Lecture_480P-73f6,3.256,640,480,0,30,0,0,0
Lecture_480P-74cf,3.428,720,480,0,30,0,0,0
Lecture_480P-74ea,3.258,640,480,0,30,0,0,0
Lecture_480P-7d77,3.598,640,480,0,30,0,0,0
Lecture_480P-7e55,3.538,642,480,0,30,0,0,0
Lecture_480P-7eec,3.015,854,480,0,30,0,0,0
Lecture_720P-003a,3.812,1280,720,0,30,0,0,0
Lecture_720P-07e0,4.082,1280,720,0,30,0,0,0
Lecture_720P-094d,3.616,1280,720,0,30,0,0,0
Lecture_720P-0f64,3.58,1280,720,0,30,0,0,0
Lecture_720P-1033,3.541,1280,720,0,30,0,0,0
Lecture_720P-10bc,3.116,1280,720,0,30,0,0,0
Lecture_720P-11e7,2.569,1280,720,0,30,0,0,0
Lecture_720P-1e62,3.958,1280,720,0,30,0,0,0
Lecture_720P-1f22,4.233,1280,720,0,30,0,0,0
Lecture_720P-2442,3.39,1280,720,0,30,0,0,0
Lecture_720P-2b0f,3.852,1152,720,0,30,0,0,0
Lecture_720P-2f38,3.552,1280,720,0,30,0,0,0
Lecture_720P-2f8c,3.839,1280,720,0,30,0,0,0
Lecture_720P-3b7f,4.106,1280,720,0,30,0,0,0
Lecture_720P-3f9f,3.479,956,720,0,30,0,0,0
Lecture_720P-4c87,3.743,1280,720,0,30,0,0,0
Lecture_720P-50b9,3.579,1280,720,0,30,0,0,0
Lecture_720P-5120,4.295,1280,720,0,30,0,0,0
Lecture_720P-53a1,3.586,1280,720,0,30,0,0,0
Lecture_720P-5725,4.262,1280,720,0,30,0,0,0
Lecture_720P-5c7e,3.846,1280,720,0,30,0,0,0
Lecture_720P-6016,3.043,1280,720,0,30,0,0,0
Lecture_720P-6951,4.163,1280,720,0,30,0,0,0
Lecture_720P-7189,3.869,1280,720,0,30,0,0,0
Lecture_720P-7e40,4.246,1280,720,0,30,0,0,0
LiveMusic_1080P-14af,4.45,1920,1080,0,30,0,0,0
LiveMusic_1080P-157b,4.36,1920,1080,0,30,0,0,0
LiveMusic_1080P-21dd,3.819,1440,1080,0,30,0,0,0
LiveMusic_1080P-28fe,3.693,1920,1080,0,30,0,0,0
LiveMusic_1080P-2930,3.776,1920,1080,0,30,0,0,0
LiveMusic_1080P-2f7f,3.326,1920,1080,0,30,0,0,0
LiveMusic_1080P-3f95,4.05,1920,1080,0,30,0,0,0
LiveMusic_1080P-51f6,3.819,1920,1080,0,30,0,0,0
LiveMusic_1080P-541f,4.174,1920,1080,0,30,0,0,0
LiveMusic_1080P-59b3,3.443,1440,1080,0,30,0,0,0
LiveMusic_1080P-6d1a,3.78,1920,1080,0,30,0,0,0
LiveMusic_1080P-6fe2,3.281,1920,1080,0,30,0,0,0
LiveMusic_1080P-77e8,3.346,1920,1080,0,30,0,0,0
LiveMusic_1080P-7948,3.838,1920,1080,0,30,0,0,0
LiveMusic_1080P-7ead,3.559,1920,1080,0,30,0,0,0
LiveMusic_360P-121f,3.43,640,360,0,30,0,0,0
LiveMusic_360P-1d94,3.028,640,360,0,30,0,0,0
LiveMusic_360P-22c5,3.231,640,360,0,30,0,0,0
LiveMusic_360P-2508,3.004,640,360,0,30,0,0,0
LiveMusic_360P-265c,2.339,480,360,0,30,0,0,0
LiveMusic_360P-2b0f,3.401,640,360,0,30,0,0,0
LiveMusic_360P-3979,1.838,640,360,0,30,0,0,0
LiveMusic_360P-3b96,2.358,640,360,0,30,0,0,0
LiveMusic_360P-3be0,1.72,480,360,0,30,0,0,0
LiveMusic_360P-48d5,3.325,640,360,0,30,0,0,0
LiveMusic_360P-5281,3.596,640,360,0,30,0,0,0
LiveMusic_360P-54d0,3.559,640,360,0,30,0,0,0
LiveMusic_360P-5b57,2.773,640,360,0,30,0,0,0
LiveMusic_360P-6266,3.383,640,360,0,30,0,0,0
LiveMusic_360P-6640,3.11,640,360,0,30,0,0,0
LiveMusic_360P-6a65,2.427,480,360,0,30,0,0,0
LiveMusic_360P-7483,3.063,640,360,0,30,0,0,0
LiveMusic_480P-0638,2.909,852,480,0,30,0,0,0
LiveMusic_480P-1a91,3.173,720,480,0,30,0,0,0
LiveMusic_480P-2019,3.631,640,480,0,30,0,0,0
LiveMusic_480P-2a5e,3.089,640,480,0,30,0,0,0
LiveMusic_480P-38f3,2.973,640,480,0,30,0,0,0
LiveMusic_480P-3d03,2.729,720,480,0,30,0,0,0
LiveMusic_480P-459c,2.755,640,480,0,30,0,0,0
LiveMusic_480P-474a,1.491,640,480,0,30,0,0,0
LiveMusic_480P-4c3a,2.907,640,480,0,30,0,0,0
LiveMusic_480P-4f88,3.267,720,480,0,30,0,0,0
LiveMusic_480P-559d,3.695,640,480,0,30,0,0,0
LiveMusic_480P-58fb,3.502,640,480,0,30,0,0,0
LiveMusic_480P-61ef,3.153,640,480,0,30,0,0,0
LiveMusic_480P-6542,3.249,640,480,0,30,0,0,0
LiveMusic_480P-65ca,3.691,640,480,0,30,0,0,0
LiveMusic_720P-0cd5,4.042,1280,720,0,30,0,0,0
LiveMusic_720P-0d9f,3.319,1280,720,0,30,0,0,0
LiveMusic_720P-2620,3.721,1280,720,0,30,0,0,0
LiveMusic_720P-267b,3.525,1280,720,0,30,0,0,0
LiveMusic_720P-289b,2.436,1280,720,0,30,0,0,0
LiveMusic_720P-3320,3.45,1280,720,0,30,0,0,0
LiveMusic_720P-4ae2,3.285,1280,720,0,30,0,0,0
LiveMusic_720P-58db,4.382,1280,720,0,30,0,0,0
LiveMusic_720P-6343,3.304,1280,720,0,30,0,0,0
LiveMusic_720P-6452,3.098,1280,720,0,30,0,0,0
LiveMusic_720P-653e,3.112,1280,720,0,30,0,0,0
LiveMusic_720P-65f6,4.019,1280,720,0,30,0,0,0
LiveMusic_720P-66df,4.592,1280,720,0,30,0,0,0
LiveMusic_720P-71c5,3.605,1280,720,0,30,0,0,0
LyricVideo_1080P-16b6,4.381,1920,1080,0,30,0,0,0
LyricVideo_1080P-1b04,3.803,1440,1080,0,30,0,0,0
LyricVideo_1080P-1d75,4.299,1920,1080,0,30,0,0,0
LyricVideo_1080P-2946,4.177,1920,1080,0,30,0,0,0
LyricVideo_1080P-3803,3.95,1920,1080,0,30,0,0,0
LyricVideo_1080P-41ee,4.071,1920,1080,0,30,0,0,0
LyricVideo_1080P-4b40,3.636,1920,1080,0,30,0,0,0
LyricVideo_1080P-5461,4.031,1920,1080,0,30,0,0,0
LyricVideo_1080P-584f,3.188,1920,1080,0,30,0,0,0
LyricVideo_1080P-63d4,4.221,1920,1080,0,30,0,0,0
LyricVideo_1080P-63d9,3.512,1440,1080,0,30,0,0,0
LyricVideo_1080P-725e,4.399,1920,1080,0,30,0,0,0
LyricVideo_1080P-756a,4.228,1920,1080,0,30,0,0,0
LyricVideo_360P-0ac7,2.964,480,360,0,30,0,0,0
LyricVideo_360P-17ce,2.83,480,360,0,30,0,0,0
LyricVideo_360P-3afc,2.685,480,360,0,30,0,0,0
LyricVideo_360P-5868,3.107,640,360,0,30,0,0,0
LyricVideo_360P-5e87,2.999,640,360,0,30,0,0,0
LyricVideo_480P-0f72,2.064,848,480,0,30,0,0,0
LyricVideo_480P-1484,3.145,854,480,0,30,0,0,0
LyricVideo_480P-200a,3.063,640,480,0,30,0,0,0
LyricVideo_480P-2c50,2.985,640,480,0,30,0,0,0
LyricVideo_480P-3b2c,3.472,720,480,0,30,0,0,0
LyricVideo_480P-3ccf,2.639,640,480,0,30,0,0,0
LyricVideo_480P-4346,3.193,854,480,0,30,0,0,0
LyricVideo_480P-51e4,3.179,640,480,0,30,0,0,0
LyricVideo_480P-5c17,3.344,640,480,0,30,0,0,0
LyricVideo_480P-6fca,2.572,848,480,0,30,0,0,0
LyricVideo_480P-7919,2.508,640,480,0,30,0,0,0
LyricVideo_720P-068d,3.825,1280,720,0,30,0,0,0
LyricVideo_720P-0940,3.045,1280,720,0,30,0,0,0
LyricVideo_720P-0ae4,3.717,1280,720,0,30,0,0,0
LyricVideo_720P-1c89,3.93,1280,720,0,30,0,0,0
LyricVideo_720P-2d24,4.199,1280,720,0,30,0,0,0
LyricVideo_720P-36fb,3.839,1280,720,0,30,0,0,0
LyricVideo_720P-4253,4.066,1280,720,0,30,0,0,0
LyricVideo_720P-47a9,2.816,1280,720,0,30,0,0,0
LyricVideo_720P-59ed,4.315,1280,720,0,30,0,0,0
LyricVideo_720P-5d3a,3.939,960,720,0,30,0,0,0
LyricVideo_720P-6f0c,2.803,1280,720,0,30,0,0,0
LyricVideo_720P-6fc9,2.671,1280,720,0,30,0,0,0
LyricVideo_720P-739a,2.877,1280,720,0,30,0,0,0
LyricVideo_720P-74a0,4.415,1280,720,0,30,0,0,0
LyricVideo_720P-7f44,4.196,1280,720,0,30,0,0,0
MusicVideo_1080P-04b6,4.288,1920,1080,0,30,0,0,0
MusicVideo_1080P-0706,4.084,1920,1080,0,30,0,0,0
MusicVideo_1080P-0860,3.963,1920,1080,0,30,0,0,0
MusicVideo_1080P-106d,3.259,1440,1080,0,30,0,0,0
MusicVideo_1080P-16e6,4.349,1920,1080,0,30,0,0,0
MusicVideo_1080P-18f5,3.829,1920,1080,0,30,0,0,0
MusicVideo_1080P-1a53,3.577,1920,1080,0,30,0,0,0
MusicVideo_1080P-24f5,4.283,1920,1080,0,30,0,0,0
MusicVideo_1080P-2b2b,4.436,1920,1080,0,30,0,0,0
MusicVideo_1080P-2d1c,3.616,1440,1080,0,30,0,0,0
MusicVideo_1080P-34ff,3.658,1440,1080,0,30,0,0,0
MusicVideo_1080P-3a50,3.69,1920,1080,0,30,0,0,0
MusicVideo_1080P-453f,4.372,1920,1080,0,30,0,0,0
MusicVideo_1080P-4671,3.083,1920,1080,0,30,0,0,0
MusicVideo_1080P-5072,4.19,1920,1080,0,30,0,0,0
MusicVideo_1080P-55af,3.748,1920,1080,0,30,0,0,0
MusicVideo_1080P-65c6,4.066,1920,1080,0,30,0,0,0
MusicVideo_1080P-6c1d,4.323,1920,1080,0,30,0,0,0
MusicVideo_1080P-6fb1,3.492,1440,1080,0,30,0,0,0
MusicVideo_1080P-7265,3.566,1920,1080,0,30,0,0,0
MusicVideo_1080P-7706,2.925,1920,1080,0,30,0,0,0
MusicVideo_1080P-7f2e,3.75,1920,1080,0,30,0,0,0
MusicVideo_360P-17e4,3.233,640,360,0,30,0,0,0
MusicVideo_360P-24b0,3.512,640,360,0,30,0,0,0
MusicVideo_360P-2fcb,3.619,640,360,0,30,0,0,0
MusicVideo_360P-462f,3.51,640,360,0,30,0,0,0
MusicVideo_360P-4de7,2.968,480,360,0,30,0,0,0
MusicVideo_360P-5358,3.069,640,360,0,30,0,0,0
MusicVideo_360P-5578,2.873,480,360,0,30,0,0,0
MusicVideo_360P-5699,3.776,640,360,0,30,0,0,0
MusicVideo_360P-5f07,2.921,640,360,0,30,0,0,0
MusicVideo_360P-5f8d,2.437,640,360,0,30,0,0,0
MusicVideo_360P-648c,3.272,640,360,0,30,0,0,0
MusicVideo_360P-7b94,2.44,640,360,0,30,0,0,0
MusicVideo_480P-0448,3.453,640,480,0,30,0,0,0
MusicVideo_480P-12fb,3.059,640,480,0,30,0,0,0
MusicVideo_480P-184c,3.726,640,480,0,30,0,0,0
MusicVideo_480P-1eee,3.061,640,480,0,30,0,0,0
MusicVideo_480P-2de0,3.47,656,480,0,30,0,0,0
MusicVideo_480P-3aa2,2.767,854,480,0,30,0,0,0
MusicVideo_480P-3c8b,2.908,640,480,0,30,0,0,0
MusicVideo_480P-41ce,3.766,720,480,0,30,0,0,0
MusicVideo_480P-483b,1.539,720,480,0,30,0,0,0
MusicVideo_480P-4cc8,3.346,854,480,0,30,0,0,0
MusicVideo_480P-5830,3.045,640,480,0,30,0,0,0
MusicVideo_480P-6026,3.033,640,480,0,30,0,0,0
MusicVideo_480P-61ba,1.756,720,480,0,30,0,0,0
MusicVideo_480P-6fb6,3.611,640,480,0,30,0,0,0
MusicVideo_480P-7643,3.093,1080,480,0,30,0,0,0
MusicVideo_480P-7955,3.509,854,480,0,30,0,0,0
MusicVideo_720P-0355,1.907,1280,720,0,30,0,0,0
MusicVideo_720P-0752,4.365,1280,720,0,30,0,0,0
MusicVideo_720P-14f0,2.382,1280,720,0,30,0,0,0
MusicVideo_720P-2d7d,2.988,1280,720,0,30,0,0,0
MusicVideo_720P-3698,4.378,1280,720,0,30,0,0,0
MusicVideo_720P-3c4c,4.135,1280,720,0,30,0,0,0
MusicVideo_720P-44c1,4.499,1280,720,0,30,0,0,0
MusicVideo_720P-4895,4.173,1280,720,0,30,0,0,0
MusicVideo_720P-4ad2,3.756,1280,720,0,30,0,0,0
MusicVideo_720P-575d,3.242,1280,720,0,30,0,0,0
MusicVideo_720P-5c9c,2.471,1280,720,0,30,0,0,0
MusicVideo_720P-62df,4.246,1280,720,0,30,0,0,0
MusicVideo_720P-734f,3.848,1280,720,0,30,0,0,0
MusicVideo_720P-7bcf,3.536,1280,720,0,30,0,0,0
NewsClip_1080P-00c3,4.421,1920,1080,0,30,0,0,0
NewsClip_1080P-06df,4.489,1920,1080,0,30,0,0,0
NewsClip_1080P-0abf,3.672,1920,1080,0,30,0,0,0
NewsClip_1080P-1db0,4.141,1920,1080,0,30,0,0,0
NewsClip_1080P-22b3,3.812,1440,1080,0,30,0,0,0
NewsClip_1080P-27fb,4.002,1920,1080,0,30,0,0,0
NewsClip_1080P-2eb0,4.484,1920,1080,0,30,0,0,0
NewsClip_1080P-3427,4.382,1920,1080,0,30,0,0,0
NewsClip_1080P-3c7c,4.462,1920,1080,0,30,0,0,0
NewsClip_1080P-4241,3.936,1920,1080,0,30,0,0,0
NewsClip_1080P-48ae,3.887,1920,1080,0,30,0,0,0
NewsClip_1080P-5b53,4.45,1920,1080,0,30,0,0,0
NewsClip_1080P-5be1,4.065,1920,1080,0,30,0,0,0
NewsClip_1080P-632e,3.517,1920,1080,0,30,0,0,0
NewsClip_1080P-67dc,3.977,1920,1080,0,30,0,0,0
NewsClip_360P-0376,3.095,640,360,0,30,0,0,0
NewsClip_360P-0ff8,3.518,640,360,0,30,0,0,0
NewsClip_360P-1093,3.1,480,360,0,30,0,0,0
NewsClip_360P-1b1c,3.514,640,360,0,30,0,0,0
NewsClip_360P-1e1c,3.254,480,360,0,30,0,0,0
NewsClip_360P-22ce,2.698,480,360,0,30,0,0,0
NewsClip_360P-274e,3.332,480,360,0,30,0,0,0
NewsClip_360P-2986,2.902,640,360,0,30,0,0,0
NewsClip_360P-2c91,2.859,480,320,0,30,0,0,0
NewsClip_360P-3451,2.121,480,320,0,30,0,0,0
NewsClip_360P-4288,3.393,640,352,0,30,0,0,0
NewsClip_360P-439a,3.282,480,320,0,30,0,0,0
NewsClip_360P-4417,2.924,480,320,0,30,0,0,0
NewsClip_360P-5052,2.095,640,360,0,30,0,0,0
NewsClip_360P-5752,3.346,480,360,0,30,0,0,0
NewsClip_360P-5bcc,2.864,480,360,0,30,0,0,0
NewsClip_360P-5f3b,2.298,480,360,0,30,0,0,0
NewsClip_360P-66ae,3.218,480,360,0,30,0,0,0
NewsClip_360P-67ce,3.196,640,360,0,30,0,0,0
NewsClip_360P-7a96,2.291,480,360,0,30,0,0,0
NewsClip_480P-0269,3.04,720,480,0,30,0,0,0
NewsClip_480P-0ce5,3.265,720,480,0,30,0,0,0
NewsClip_480P-15fa,3.581,640,480,0,30,0,0,0
NewsClip_480P-2407,2.688,640,480,0,30,0,0,0
NewsClip_480P-28eb,2.998,728,480,0,30,0,0,0
NewsClip_480P-2b9b,2.421,640,480,0,30,0,0,0
NewsClip_480P-2ba7,2.791,640,480,0,30,0,0,0
NewsClip_480P-31bd,3.61,854,480,0,30,0,0,0
NewsClip_480P-3672,3.802,640,480,0,30,0,0,0
NewsClip_480P-36d0,3.764,640,480,0,30,0,0,0
NewsClip_480P-437c,3.011,720,480,0,30,0,0,0
NewsClip_480P-49c9,3.975,640,480,0,30,0,0,0
NewsClip_480P-4a9f,2.983,720,480,0,30,0,0,0
NewsClip_480P-543f,3.423,856,480,0,30,0,0,0
NewsClip_480P-5a3b,2.237,640,480,0,30,0,0,0
NewsClip_480P-5e7f,3.105,640,480,0,30,0,0,0
NewsClip_480P-606e,2.921,856,480,0,30,0,0,0
NewsClip_480P-6615,3.51,854,480,0,30,0,0,0
NewsClip_480P-696e,3.102,640,480,0,30,0,0,0
NewsClip_480P-6bfa,3.793,640,480,0,30,0,0,0
NewsClip_480P-7232,2.991,856,480,0,30,0,0,0
NewsClip_480P-72b8,3.407,640,480,0,30,0,0,0
NewsClip_480P-7a0d,3.754,640,480,0,30,0,0,0
NewsClip_720P-04ba,3.49,1280,720,0,30,0,0,0
NewsClip_720P-0c81,3.893,1280,720,0,30,0,0,0
NewsClip_720P-1971,4.272,1280,720,0,30,0,0,0
NewsClip_720P-2182,3.494,1280,720,0,30,0,0,0
NewsClip_720P-23e0,4.11,1280,720,0,30,0,0,0
NewsClip_720P-2882,3.667,1280,720,0,30,0,0,0
NewsClip_720P-35d9,3.017,1280,720,0,30,0,0,0
NewsClip_720P-37f7,3.716,1280,720,0,30,0,0,0
NewsClip_720P-4603,3.454,1280,720,0,30,0,0,0
NewsClip_720P-4e87,4.368,1280,720,0,30,0,0,0
NewsClip_720P-5564,4.377,1280,720,0,30,0,0,0
NewsClip_720P-5787,4.483,1280,720,0,30,0,0,0
NewsClip_720P-579b,2.866,1280,720,0,30,0,0,0
NewsClip_720P-6016,4.522,1280,720,0,30,0,0,0
NewsClip_720P-6106,2.996,1280,720,0,30,0,0,0
NewsClip_720P-672c,3.987,1280,720,0,30,0,0,0
NewsClip_720P-6a19,3.547,1280,720,0,30,0,0,0
NewsClip_720P-6cde,4.297,1280,720,0,30,0,0,0
NewsClip_720P-72d2,4.357,1280,720,0,30,0,0,0
NewsClip_720P-739b,4.007,1280,720,0,30,0,0,0
NewsClip_720P-7745,4.528,1280,720,0,30,0,0,0
NewsClip_720P-7b7e,4.145,1280,720,0,30,0,0,0
NewsClip_720P-7b97,2.803,1280,720,0,30,0,0,0
NewsClip_720P-7c67,4.434,1280,720,0,30,0,0,0
NewsClip_720P-7e56,4.41,1280,720,0,30,0,0,0
Sports_1080P-0640,3.524,1920,1080,0,30,0,0,0
Sports_1080P-08e1,4.224,1920,1080,0,30,0,0,0
Sports_1080P-0d0c,3.98,1920,1080,0,30,0,0,0
Sports_1080P-15d1,4.57,1920,1080,0,30,0,0,0
Sports_1080P-19d8,4.472,1920,1080,0,30,0,0,0
Sports_1080P-1ae3,3.352,1440,1080,0,30,0,0,0
Sports_1080P-1bf7,4.49,1920,1080,0,30,0,0,0
Sports_1080P-1d78,3.378,1920,1080,0,30,0,0,0
Sports_1080P-241e,4.411,1920,1080,0,30,0,0,0
Sports_1080P-2524,3.662,1920,1080,0,30,0,0,0
Sports_1080P-28a6,4.452,1920,1080,0,30,0,0,0
Sports_1080P-2a21,3.231,1920,1080,0,30,0,0,0
Sports_1080P-3a3b,3.669,1440,1080,0,30,0,0,0
Sports_1080P-3db7,4.021,1440,1080,0,30,0,0,0
Sports_1080P-3eb0,3.819,1920,1080,0,30,0,0,0
Sports_1080P-43e2,4.414,1920,1080,0,30,0,0,0
Sports_1080P-47e9,4.106,1920,1080,0,30,0,0,0
Sports_1080P-49c5,4.142,1920,1080,0,30,0,0,0
Sports_1080P-4e05,3.445,1920,1080,0,30,0,0,0
Sports_1080P-53a0,3.429,1920,1080,0,30,0,0,0
Sports_1080P-5d25,3.478,1920,1080,0,30,0,0,0
Sports_1080P-6571,3.652,1920,1080,0,30,0,0,0
Sports_1080P-6710,4.335,1920,1080,0,30,0,0,0
Sports_1080P-679d,4.366,1920,1080,0,30,0,0,0
Sports_1080P-7203,3.91,1920,1080,0,30,0,0,0
Sports_1080P-7584,3.755,1920,1080,0,30,0,0,0
Sports_1080P-76a2,4.054,1920,1080,0,30,0,0,0
Sports_1080P-7dba,3.718,1440,1080,0,30,0,0,0
Sports_2160P-0455,4.287,3840,2160,0,30,0,0,0
Sports_2160P-086d,4.376,3840,2160,0,30,0,0,0
Sports_2160P-1261,4.114,3840,2160,0,30,0,0,0
Sports_2160P-1733,4.373,3840,2160,0,30,0,0,0
Sports_2160P-1b70,4.508,3840,2160,0,30,0,0,0
Sports_2160P-1ddc,3.466,3840,2160,0,30,0,0,0
Sports_2160P-210c,4.462,3840,2160,0,30,0,0,0
Sports_2160P-2626,4.388,3840,2160,0,30,0,0,0
Sports_2160P-279f,4.526,3840,2160,0,30,0,0,0
Sports_2160P-2a83,4.002,3840,2160,0,30,0,0,0
Sports_2160P-2e1d,4.457,3840,2160,0,30,0,0,0
Sports_2160P-300d,3.67,3840,2160,0,30,0,0,0
Sports_2160P-324e,4.317,3840,2160,0,30,0,0,0
Sports_2160P-349c,4.302,3840,2160,0,30,0,0,0
Sports_2160P-3794,3.158,3840,2160,0,30,0,0,0
Sports_2160P-391a,4.281,3840,2160,0,30,0,0,0
Sports_2160P-3a9a,3.633,3840,2160,0,30,0,0,0
Sports_2160P-3d85,4.517,3840,2160,0,30,0,0,0
Sports_2160P-4024,4.054,3840,2160,0,30,0,0,0
Sports_2160P-4201,4.012,3840,2160,0,30,0,0,0
Sports_2160P-49f1,4.287,3840,2160,0,30,0,0,0
Sports_2160P-4aae,4.323,3840,2160,0,30,0,0,0
Sports_2160P-4e9f,4.405,3840,2160,0,30,0,0,0
Sports_2160P-5ef3,4.209,3840,2160,0,30,0,0,0
Sports_2160P-69b9,4.564,3840,2160,0,30,0,0,0
Sports_2160P-6b28,4.391,3840,2160,0,30,0,0,0
Sports_2160P-7165,4.351,3840,2160,0,30,0,0,0
Sports_2160P-7a11,4.373,3840,2160,0,30,0,0,0
Sports_2160P-7af7,3.95,3840,2160,0,30,0,0,0
Sports_2160P-7af8,3.563,3840,2160,0,30,0,0,0
Sports_2160P-7bbe,4.343,3840,2160,0,30,0,0,0
Sports_360P-02c3,3.396,640,360,0,30,0,0,0
Sports_360P-0c66,3.097,720,360,0,30,0,0,0
Sports_360P-11b7,2.401,480,360,0,30,0,0,0
Sports_360P-1803,3.593,720,400,0,30,0,0,0
Sports_360P-1d5c,3.781,640,360,0,30,0,0,0
Sports_360P-2725,2.862,640,352,0,30,0,0,0
Sports_360P-27b0,2.82,640,352,0,30,0,0,0
Sports_360P-2ace,3.444,720,412,0,30,0,0,0
Sports_360P-2e48,2.744,512,384,0,30,0,0,0
Sports_360P-301d,3.667,720,400,0,30,0,0,0
Sports_360P-32d3,3.012,640,352,0,30,0,0,0
Sports_360P-3960,2.787,480,360,0,30,0,0,0
Sports_360P-3e68,2.508,640,360,0,30,0,0,0
Sports_360P-4545,2.432,624,464,0,30,0,0,0
Sports_360P-4802,2.582,628,468,0,30,0,0,0
Sports_360P-4ad7,2.327,632,468,0,30,0,0,0
Sports_360P-50fd,3.011,718,366,0,30,0,0,0
Sports_360P-5252,2.538,624,464,0,30,0,0,0
Sports_360P-5ded,3.784,684,384,0,30,0,0,0
Sports_360P-61f6,3.393,720,400,0,30,0,0,0
Sports_360P-65f3,2.826,360,360,0,30,0,0,0
Sports_360P-6b4f,2.981,720,406,0,30,0,0,0
Sports_360P-6c6f,2.556,480,360,0,30,0,0,0
Sports_360P-6f62,3.594,640,360,0,30,0,0,0
Sports_360P-7f50,1.963,624,464,0,30,0,0,0
Sports_480P-0623,3.106,720,576,0,30,0,0,0
Sports_480P-0827,2.914,720,576,0,30,0,0,0
Sports_480P-0af9,3.765,640,480,0,30,0,0,0
Sports_480P-0bb9,3.419,720,576,0,30,0,0,0
Sports_480P-0efe,3.673,848,480,0,30,0,0,0
Sports_480P-1019,3.316,768,576,0,30,0,0,0
Sports_480P-1056,3.149,720,576,0,30,0,0,0
Sports_480P-11ec,1.612,720,480,0,30,0,0,0
Sports_480P-1396,3.459,720,576,0,30,0,0,0
Sports_480P-19e4,3.835,854,480,0,30,0,0,0
Sports_480P-1d1b,2.177,768,576,0,30,0,0,0
Sports_480P-1fe9,1.706,720,480,0,30,0,0,0
Sports_480P-2053,3.149,720,576,0,30,0,0,0
Sports_480P-211f,2.715,352,480,0,30,0,0,0
Sports_480P-2dfe,2.401,720,576,0,30,0,0,0
Sports_480P-3195,3.537,720,576,0,30,0,0,0
Sports_480P-3404,3.533,854,480,0,30,0,0,0
Sports_480P-35ea,3.668,720,480,0,30,0,0,0
Sports_480P-3ca4,2.389,720,576,0,30,0,0,0
Sports_480P-3dfd,3.498,640,480,0,30,0,0,0
Sports_480P-3f50,4.234,960,540,0,30,0,0,0
Sports_480P-41a5,1.97,854,480,0,30,0,0,0
Sports_480P-44e5,3.17,720,576,0,30,0,0,0
Sports_480P-4cf8,2.023,720,576,0,30,0,0,0
Sports_480P-5224,2.866,640,480,0,30,0,0,0
Sports_480P-5871,2.698,640,480,0,30,0,0,0
Sports_480P-5f38,3.771,360,640,0,30,0,0,0
Sports_480P-6508,3.448,720,576,0,30,0,0,0
Sports_480P-6e41,3.306,720,576,0,30,0,0,0
Sports_480P-77e3,3.053,720,480,0,30,0,0,0
Sports_480P-7f7e,1.953,720,576,0,30,0,0,0
Sports_720P-00a1,4.061,1280,960,0,30,0,0,0
Sports_720P-0104,4.223,1280,720,0,30,0,0,0
Sports_720P-058f,4.28,1280,720,0,30,0,0,0
Sports_720P-07d0,3.863,1280,720,0,30,0,0,0
Sports_720P-0b9e,3.942,1280,720,0,30,0,0,0
Sports_720P-17fb,3.591,1280,720,0,30,0,0,0
Sports_720P-2191,3.789,1280,720,0,30,0,0,0
Sports_720P-2234,4.16,1280,720,0,30,0,0,0
Sports_720P-2632,3.884,1280,720,0,30,0,0,0
Sports_720P-2c06,3.978,1280,720,0,30,0,0,0
Sports_720P-2c80,3.136,1280,720,0,30,0,0,0
Sports_720P-3072,3.18,1280,720,0,30,0,0,0
Sports_720P-3338,4.483,1280,720,0,30,0,0,0
Sports_720P-33c6,2.985,1280,720,0,30,0,0,0
Sports_720P-38a1,3.165,1280,720,0,30,0,0,0
Sports_720P-3eb4,3.802,1280,720,0,30,0,0,0
Sports_720P-3ffe,3.011,1280,720,0,30,0,0,0
Sports_720P-4b69,3.903,1280,720,0,30,0,0,0
Sports_720P-4c6f,4.105,1280,720,0,30,0,0,0
Sports_720P-50cf,3.372,1280,720,0,30,0,0,0
Sports_720P-531c,4.555,1280,720,0,30,0,0,0
Sports_720P-5833,3.205,1280,720,0,30,0,0,0
Sports_720P-5ae1,4.333,1280,720,0,30,0,0,0
Sports_720P-5bfd,4.677,1280,960,0,30,0,0,0
Sports_720P-5e39,3.685,1280,720,0,30,0,0,0
Sports_720P-5ea4,4.238,1280,720,0,30,0,0,0
Sports_720P-62ba,2.965,1280,720,0,30,0,0,0
Sports_720P-675b,3.201,1280,720,0,30,0,0,0
Sports_720P-69a0,3.878,1280,720,0,30,0,0,0
Sports_720P-6bb7,3.882,1280,720,0,30,0,0,0
Sports_720P-6d04,3.783,1280,720,0,30,0,0,0
Sports_720P-7ba7,3.566,1280,720,0,30,0,0,0
TelevisionClip_1080P-0604,3.765,1920,1080,0,30,0,0,0
TelevisionClip_1080P-3758,4.313,1920,1080,0,30,0,0,0
TelevisionClip_1080P-39e3,4.607,1440,1080,0,30,0,0,0
TelevisionClip_1080P-3b9b,4.251,1920,1080,0,30,0,0,0
TelevisionClip_1080P-3d10,4.052,1920,1080,0,30,0,0,0
TelevisionClip_1080P-3d83,3.382,1920,1080,0,30,0,0,0
TelevisionClip_1080P-3e42,1.989,1440,1080,0,30,0,0,0
TelevisionClip_1080P-401e,4.227,1920,1080,0,30,0,0,0
TelevisionClip_1080P-4c24,4.334,1920,1080,0,30,0,0,0
TelevisionClip_1080P-525d,4.273,1920,1080,0,30,0,0,0
TelevisionClip_1080P-5278,4.099,1920,1080,0,30,0,0,0
TelevisionClip_1080P-5e68,4.604,1920,1080,0,30,0,0,0
TelevisionClip_1080P-6026,4.415,1920,1080,0,30,0,0,0
TelevisionClip_1080P-6282,4.199,1920,1080,0,30,0,0,0
TelevisionClip_1080P-63e6,4.228,1920,1080,0,30,0,0,0
TelevisionClip_1080P-68c6,4.561,1920,1080,0,30,0,0,0
TelevisionClip_360P-0951,2.511,642,360,0,30,0,0,0
TelevisionClip_360P-11d5,2.842,540,360,0,30,0,0,0
TelevisionClip_360P-29f1,2.581,480,360,0,30,0,0,0
TelevisionClip_360P-3b9a,2.883,480,360,0,30,0,0,0
TelevisionClip_360P-74dd,3.58,640,360,0,30,0,0,0
TelevisionClip_360P-7b23,2.997,640,360,0,30,0,0,0
TelevisionClip_480P-09d8,2.908,640,480,0,30,0,0,0
TelevisionClip_480P-0e46,2.881,640,480,0,30,0,0,0
TelevisionClip_480P-19d3,3.442,854,480,0,30,0,0,0
TelevisionClip_480P-1b49,3.183,640,480,0,30,0,0,0
TelevisionClip_480P-27ca,3.475,640,480,0,30,0,0,0
TelevisionClip_480P-30b6,2.609,640,480,0,30,0,0,0
TelevisionClip_480P-3284,3.169,656,480,0,30,0,0,0
TelevisionClip_480P-3617,2.312,848,480,0,30,0,0,0
TelevisionClip_480P-373d,3.044,720,480,0,30,0,0,0
TelevisionClip_480P-3c64,3.456,640,480,0,30,0,0,0
TelevisionClip_480P-415c,3.544,720,480,0,30,0,0,0
TelevisionClip_480P-436c,2.823,368,480,0,30,0,0,0
TelevisionClip_480P-4c6b,3.85,720,480,0,30,0,0,0
TelevisionClip_480P-59f0,2.896,640,480,0,30,0,0,0
TelevisionClip_480P-723e,2.882,640,480,0,30,0,0,0
TelevisionClip_720P-1862,3.238,1280,720,0,30,0,0,0
TelevisionClip_720P-19de,4.346,1280,720,0,30,0,0,0
TelevisionClip_720P-1b61,4.299,1280,720,0,30,0,0,0
TelevisionClip_720P-31ce,4.324,1280,720,0,30,0,0,0
TelevisionClip_720P-3f4c,2.515,1280,720,0,30,0,0,0
TelevisionClip_720P-44d1,3.839,1280,720,0,30,0,0,0
TelevisionClip_720P-4edb,4.015,1280,720,0,30,0,0,0
TelevisionClip_720P-5e93,4.292,1280,720,0,30,0,0,0
TelevisionClip_720P-7c06,4.396,1280,720,0,30,0,0,0
VerticalVideo_1080P-04d4,4.15,1080,1920,0,30,0,0,0
VerticalVideo_1080P-1ac1,3.979,1080,1920,0,30,0,0,0
VerticalVideo_1080P-1c86,1.848,1080,1920,0,30,0,0,0
VerticalVideo_1080P-2f00,4.36,1080,1920,0,30,0,0,0
VerticalVideo_1080P-34ba,3.382,1080,1920,0,30,0,0,0
VerticalVideo_1080P-360f,4.189,1080,2220,0,30,0,0,0
VerticalVideo_1080P-3709,4.367,1080,1920,0,30,0,0,0
VerticalVideo_1080P-3a9b,4.432,1080,1920,0,30,0,0,0
VerticalVideo_1080P-3d96,4.452,1080,1920,0,30,0,0,0
VerticalVideo_1080P-4925,4.496,1080,1920,0,30,0,0,0
VerticalVideo_1080P-4b92,4.119,1080,1920,0,30,0,0,0
VerticalVideo_1080P-4da5,4.257,1440,2560,0,30,0,0,0
VerticalVideo_1080P-73b6,4.034,1080,1920,0,30,0,0,0
VerticalVideo_1080P-766b,3.305,1080,1920,0,30,0,0,0
VerticalVideo_1080P-7c5c,3.78,1080,1920,0,30,0,0,0
VerticalVideo_1080P-7cf3,3.955,1080,1920,0,30,0,0,0
VerticalVideo_2160P-6d62,4.199,2160,3840,0,30,0,0,0
VerticalVideo_360P-0d29,2.809,480,640,0,30,0,0,0
VerticalVideo_360P-1424,3.732,480,800,0,30,0,0,0
VerticalVideo_360P-145e,2.606,480,640,0,30,0,0,0
VerticalVideo_360P-2bb0,3.073,480,720,0,30,0,0,0
VerticalVideo_360P-2fa3,4.331,540,720,0,30,0,0,0
VerticalVideo_360P-3936,3.794,270,480,0,30,0,0,0
VerticalVideo_360P-3b4e,3.576,480,640,0,30,0,0,0
VerticalVideo_360P-5429,3.616,352,640,0,30,0,0,0
VerticalVideo_360P-54f7,4.146,480,800,0,30,0,0,0
VerticalVideo_360P-634f,4.523,432,768,0,30,0,0,0
VerticalVideo_360P-6490,2.973,480,720,0,30,0,0,0
VerticalVideo_360P-6ff2,3.543,480,640,0,30,0,0,0
VerticalVideo_360P-70a9,2.814,480,720,0,30,0,0,0
VerticalVideo_360P-7ba8,3.563,720,720,0,30,0,0,0
VerticalVideo_360P-7ec3,3.909,406,720,0,30,0,0,0
VerticalVideo_480P-1bb9,3.825,768,1024,0,30,0,0,0
VerticalVideo_480P-2fa4,4.133,608,1080,0,30,0,0,0
VerticalVideo_480P-34b9,3.527,480,856,0,30,0,0,0
VerticalVideo_480P-3a6a,4.337,480,854,0,30,0,0,0
VerticalVideo_480P-419c,3.78,480,848,0,30,0,0,0
VerticalVideo_480P-467e,3.383,480,854,0,30,0,0,0
VerticalVideo_480P-550d,3.832,608,1080,0,30,0,0,0
VerticalVideo_480P-572a,3.499,480,856,0,30,0,0,0
VerticalVideo_480P-7278,3.005,612,1088,0,30,0,0,0
VerticalVideo_480P-790a,4.248,720,1080,0,30,0,0,0
VerticalVideo_720P-0750,3.71,720,1280,0,30,0,0,0
VerticalVideo_720P-0dac,2.934,720,1280,0,30,0,0,0
VerticalVideo_720P-0f61,4.522,740,1324,0,30,0,0,0
VerticalVideo_720P-19fa,4.269,720,1280,0,30,0,0,0
VerticalVideo_720P-1ada,3.532,720,1280,0,30,0,0,0
VerticalVideo_720P-2efc,3.523,720,1280,0,30,0,0,0
VerticalVideo_720P-42f2,3.199,720,1280,0,30,0,0,0
VerticalVideo_720P-456c,3.711,720,1280,0,30,0,0,0
VerticalVideo_720P-4730,4.107,720,1280,0,30,0,0,0
VerticalVideo_720P-4ca7,4.442,748,1332,0,30,0,0,0
VerticalVideo_720P-6580,2.979,720,1280,0,30,0,0,0
VerticalVideo_720P-665d,4.023,720,1280,0,30,0,0,0
VerticalVideo_720P-669d,4.176,720,1280,0,30,0,0,0
VerticalVideo_720P-7517,4.271,750,1334,0,30,0,0,0
VerticalVideo_720P-7859,3.603,720,1280,0,30,0,0,0
VerticalVideo_720P-7c1d,4.502,720,1280,0,30,0,0,0
Vlog_1080P-010b,4.185,1920,1080,0,30,0,0,0
Vlog_1080P-18da,4.442,1920,1080,0,30,0,0,0
Vlog_1080P-19bb,3.076,1920,1080,0,30,0,0,0
Vlog_1080P-1df9,4.134,1920,1080,0,30,0,0,0
Vlog_1080P-1e70,2.442,1920,1080,0,30,0,0,0
Vlog_1080P-21f5,3.327,1920,1080,0,30,0,0,0
Vlog_1080P-2394,4.641,1920,1080,0,30,0,0,0
Vlog_1080P-23cb,3.069,1920,1080,0,30,0,0,0
Vlog_1080P-25de,1.914,1920,1080,0,30,0,0,0
Vlog_1080P-26dc,3.685,1920,1080,0,30,0,0,0
Vlog_1080P-2cda,4.429,1920,1080,0,30,0,0,0
Vlog_1080P-35cd,3.196,1920,1080,0,30,0,0,0
Vlog_1080P-3744,3.948,1920,1080,0,30,0,0,0
Vlog_1080P-45c9,2.888,1920,1080,0,30,0,0,0
Vlog_1080P-4f26,3.962,1920,1080,0,30,0,0,0
Vlog_1080P-52fe,3.838,1920,1080,0,30,0,0,0
Vlog_1080P-5904,4.365,1920,1080,0,30,0,0,0
Vlog_1080P-62fc,4.255,1920,1080,0,30,0,0,0
Vlog_1080P-64b6,4.192,1088,1088,0,30,0,0,0
Vlog_1080P-6686,3.926,1920,1080,0,30,0,0,0
Vlog_1080P-7e8c,3.042,1920,1080,0,30,0,0,0
Vlog_2160P-030a,2.448,3840,2160,0,30,0,0,0
Vlog_2160P-0577,4.27,3840,2160,0,30,0,0,0
Vlog_2160P-059c,4.441,3840,2160,0,30,0,0,0
Vlog_2160P-09c9,2.876,3840,2160,0,30,0,0,0
Vlog_2160P-13a1,3.859,3840,2160,0,30,0,0,0
Vlog_2160P-13fe,3.992,3840,2160,0,30,0,0,0
Vlog_2160P-19f9,3.919,3840,2160,0,30,0,0,0
Vlog_2160P-1ff6,3.29,3840,2160,0,30,0,0,0
Vlog_2160P-255c,4.443,3840,2160,0,30,0,0,0
Vlog_2160P-2953,3.467,3840,2160,0,30,0,0,0
Vlog_2160P-2b2d,3.906,3840,2160,0,30,0,0,0
Vlog_2160P-3019,4.578,3840,2160,0,30,0,0,0
Vlog_2160P-327a,3.983,3840,2160,0,30,0,0,0
Vlog_2160P-408f,3.79,3840,2160,0,30,0,0,0
Vlog_2160P-416c,4.019,3840,2160,0,30,0,0,0
Vlog_2160P-4362,4.554,3840,2160,0,30,0,0,0
Vlog_2160P-4419,4.324,3840,2160,0,30,0,0,0
Vlog_2160P-4655,3.887,3840,2160,0,30,0,0,0
Vlog_2160P-4f98,3.47,3840,2160,0,30,0,0,0
Vlog_2160P-5874,4.101,3840,2160,0,30,0,0,0
Vlog_2160P-62b2,3.39,3840,2160,0,30,0,0,0
Vlog_2160P-6629,4.27,3840,2160,0,30,0,0,0
Vlog_2160P-6f92,3.886,3840,2160,0,30,0,0,0
Vlog_2160P-700c,3.881,3840,2160,0,30,0,0,0
Vlog_2160P-70d6,3.067,3840,2160,0,30,0,0,0
Vlog_2160P-7324,4.194,3840,2160,0,30,0,0,0
Vlog_2160P-77d8,3.667,3840,2160,0,30,0,0,0
Vlog_2160P-7b10,3.864,3840,2160,0,30,0,0,0
Vlog_2160P-7b5c,3.61,3840,2160,0,30,0,0,0
Vlog_2160P-7f05,3.111,3840,2160,0,30,0,0,0
Vlog_360P-1e5b,3.266,640,360,0,30,0,0,0
Vlog_360P-22a0,3.286,640,360,0,30,0,0,0
Vlog_360P-2973,2.902,640,360,0,30,0,0,0
Vlog_360P-2e9d,2.746,640,360,0,30,0,0,0
Vlog_360P-3121,2.775,640,360,0,30,0,0,0
Vlog_360P-3bc2,3.944,640,360,0,30,0,0,0
Vlog_360P-433e,3.198,640,360,0,30,0,0,0
Vlog_360P-4697,3.551,640,360,0,30,0,0,0
Vlog_360P-4795,2.479,640,360,0,30,0,0,0
Vlog_360P-76ae,2.606,640,360,0,30,0,0,0
Vlog_360P-7efe,2.912,640,360,0,30,0,0,0
Vlog_480P-0980,2.755,720,480,0,30,0,0,0
Vlog_480P-0ddc,4.075,720,480,0,30,0,0,0
Vlog_480P-1b39,2.325,640,480,0,30,0,0,0
Vlog_480P-206f,2.779,640,480,0,30,0,0,0
Vlog_480P-279d,3.373,720,480,0,30,0,0,0
Vlog_480P-2cad,3.244,720,480,0,30,0,0,0
Vlog_480P-34ba,3.666,640,480,0,30,0,0,0
Vlog_480P-476b,3.431,854,480,0,30,0,0,0
Vlog_480P-4beb,2.512,640,480,0,30,0,0,0
Vlog_480P-5275,3.12,640,480,0,30,0,0,0
Vlog_480P-535d,2.846,720,480,0,30,0,0,0
Vlog_480P-59dc,3.206,640,480,0,30,0,0,0
Vlog_480P-5e1c,2.581,640,480,0,30,0,0,0
Vlog_480P-6395,3.755,640,480,0,30,0,0,0
Vlog_480P-6c60,2.487,640,480,0,30,0,0,0
Vlog_480P-7237,3.89,854,480,0,30,0,0,0
Vlog_480P-7615,2.588,640,480,0,30,0,0,0
Vlog_480P-7754,3.944,854,480,0,30,0,0,0
Vlog_480P-7d0c,3.577,640,480,0,30,0,0,0
Vlog_720P-033a,4.302,1280,720,0,30,0,0,0
Vlog_720P-03d5,3.605,1280,720,0,30,0,0,0
Vlog_720P-03f9,3.972,1280,720,0,30,0,0,0
Vlog_720P-0d79,3.805,1280,720,0,30,0,0,0
Vlog_720P-11c5,3.816,1280,720,0,30,0,0,0
Vlog_720P-141f,3.128,1280,720,0,30,0,0,0
Vlog_720P-155f,4.316,1280,720,0,30,0,0,0
Vlog_720P-2929,3.918,1280,720,0,30,0,0,0
Vlog_720P-329f,3.7,1280,720,0,30,0,0,0
Vlog_720P-32b2,4.365,1280,720,0,30,0,0,0
Vlog_720P-372d,4.047,1280,720,0,30,0,0,0
Vlog_720P-3e9c,3.882,1280,720,0,30,0,0,0
Vlog_720P-4e3d,2.743,1280,720,0,30,0,0,0
Vlog_720P-5364,2.794,1280,720,0,30,0,0,0
Vlog_720P-60f8,4.335,1280,720,0,30,0,0,0
Vlog_720P-6d56,3.776,1280,720,0,30,0,0,0
